price,area,bedrooms,bathrooms,stories,mainroad,guestroom,basement,hotwaterheating,airconditioning,parking,prefarea,furnishingstatus
13300000.0,7420,4,2,3,yes,no,no,no,yes,2,yes,furnished
12250000.0,8960,4,4,4,yes,no,no,no,yes,3,no,furnished
12250000.0,9960,3,2,2,yes,no,yes,no,no,2,yes,semi-furnished
12215000.0,7500,4,2,2,yes,no,yes,no,yes,3,yes,furnished
11410000.0,7420,4,1,2,yes,yes,yes,no,yes,2,no,furnished
10850000.0,7500,3,3,1,yes,no,yes,no,yes,2,yes,semi-furnished
10150000.0,8580,4,3,4,yes,no,no,no,yes,2,yes,semi-furnished
10150000.0,16200,5,3,2,yes,no,no,no,no,0,no,unfurnished
9870000.0,8100,4,1,2,yes,yes,yes,no,yes,2,yes,furnished
9800000.0,5750,3,2,4,yes,yes,no,no,yes,1,yes,unfurnished
9800000.0,13200,3,1,2,yes,no,yes,no,yes,2,yes,furnished
9681000.0,6000,4,3,2,yes,yes,yes,yes,no,2,no,semi-furnished
9310000.0,6550,4,2,2,yes,no,no,no,yes,1,yes,semi-furnished
9240000.0,3500,4,2,2,yes,no,no,yes,no,2,no,furnished
9240000.0,7800,3,2,2,yes,no,no,no,no,0,yes,semi-furnished
9100000.0,6000,4,1,2,yes,no,yes,no,no,2,no,semi-furnished
9100000.0,6600,4,2,2,yes,yes,yes,no,yes,1,yes,unfurnished
8960000.0,8500,3,2,4,yes,no,no,no,yes,2,no,furnished
8890000.0,4600,3,2,2,yes,yes,no,no,yes,2,no,furnished
8855000.0,6420,3,2,2,yes,no,no,no,yes,1,yes,semi-furnished
8750000.0,4320,3,1,2,yes,no,yes,yes,no,2,no,semi-furnished
8680000.0,7155,3,2,1,yes,yes,yes,no,yes,2,no,unfurnished
8645000.0,8050,3,1,1,yes,yes,yes,no,yes,1,no,furnished
8645000.0,4560,3,2,2,yes,yes,yes,no,yes,1,no,furnished
8575000.0,8800,3,2,2,yes,no,no,no,yes,2,no,furnished
8540000.0,6540,4,2,2,yes,yes,yes,no,yes,2,yes,furnished
8463000.0,6000,3,2,4,yes,yes,yes,no,yes,0,yes,semi-furnished
8400000.0,8875,3,1,1,yes,no,no,no,no,1,no,semi-furnished
8400000.0,7950,5,2,2,yes,no,yes,yes,no,2,no,unfurnished
8400000.0,5500,4,2,2,yes,no,yes,no,yes,1,yes,semi-furnished
8400000.0,7475,3,2,4,yes,no,no,no,yes,2,no,unfurnished
8400000.0,7000,3,1,4,yes,no,no,no,yes,2,no,semi-furnished
8295000.0,4880,4,2,2,yes,no,no,no,yes,1,yes,furnished
8190000.0,5960,3,3,2,yes,yes,yes,no,no,1,no,unfurnished
8120000.0,6840,5,1,2,yes,yes,yes,no,yes,1,no,furnished
8080940.0,7000,3,2,4,yes,no,no,no,yes,2,no,furnished
8043000.0,7482,3,2,3,yes,no,no,yes,no,1,yes,furnished
7980000.0,9000,4,2,4,yes,no,no,no,yes,2,no,furnished
7962500.0,6000,3,1,4,yes,yes,no,no,yes,2,no,unfurnished
7910000.0,6000,4,2,4,yes,no,no,no,yes,1,no,semi-furnished
7875000.0,6550,3,1,2,yes,no,yes,no,yes,0,yes,furnished
7840000.0,6360,3,2,4,yes,no,no,no,yes,0,yes,furnished
7700000.0,6480,3,2,4,yes,no,no,no,yes,2,no,unfurnished
7700000.0,6000,4,2,4,yes,no,no,no,no,2,no,semi-furnished
7560000.0,6000,4,2,4,yes,no,no,no,yes,1,no,furnished
7560000.0,6000,3,2,3,yes,no,no,no,yes,0,no,semi-furnished
7525000.0,6000,3,2,4,yes,no,no,no,yes,1,no,furnished
7490000.0,6600,3,1,4,yes,no,no,no,yes,3,yes,furnished
7455000.0,4300,3,2,2,yes,no,yes,no,no,1,no,unfurnished
7420000.0,7440,3,2,1,yes,yes,yes,no,yes,0,yes,semi-furnished
7420000.0,7440,3,2,4,yes,no,no,no,no,1,yes,unfurnished
7420000.0,6325,3,1,4,yes,no,no,no,yes,1,no,unfurnished
7350000.0,6000,4,2,4,yes,yes,no,no,yes,1,no,furnished
7350000.0,5150,3,2,4,yes,no,no,no,yes,2,no,semi-furnished
7350000.0,6000,3,2,2,yes,yes,no,no,yes,1,no,semi-furnished
7350000.0,6000,3,1,2,yes,no,no,no,yes,1,no,unfurnished
7343000.0,11440,4,1,2,yes,no,yes,no,no,1,yes,semi-furnished
7245000.0,9000,4,2,4,yes,yes,no,no,yes,1,yes,furnished
7210000.0,7680,4,2,4,yes,yes,no,no,yes,1,no,semi-furnished
7210000.0,6000,3,2,4,yes,yes,no,no,yes,1,no,furnished
7140000.0,6000,3,2,2,yes,yes,no,no,no,1,no,semi-furnished
7070000.0,8880,2,1,1,yes,no,no,no,yes,1,no,semi-furnished
7070000.0,6240,4,2,2,yes,no,no,no,yes,1,no,furnished
7035000.0,6360,4,2,3,yes,no,no,no,yes,2,yes,furnished
7000000.0,11175,3,1,1,yes,no,yes,no,yes,1,yes,furnished
6930000.0,8880,3,2,2,yes,no,yes,no,yes,1,no,furnished
6930000.0,13200,2,1,1,yes,no,yes,yes,no,1,no,furnished
6895000.0,7700,3,2,1,yes,no,no,no,no,2,no,unfurnished
6860000.0,6000,3,1,1,yes,no,no,no,yes,1,no,furnished
6790000.0,12090,4,2,2,yes,no,no,no,no,2,yes,furnished
6790000.0,4000,3,2,2,yes,no,yes,no,yes,0,yes,semi-furnished
6755000.0,6000,4,2,4,yes,no,no,no,yes,0,no,unfurnished
6720000.0,5020,3,1,4,yes,no,no,no,yes,0,yes,unfurnished
6685000.0,6600,2,2,4,yes,no,yes,no,no,0,yes,furnished
6650000.0,4040,3,1,2,yes,no,yes,yes,no,1,no,furnished
6650000.0,4260,4,2,2,yes,no,no,yes,no,0,no,semi-furnished
6650000.0,6420,3,2,3,yes,no,no,no,yes,0,yes,furnished
6650000.0,6500,3,2,3,yes,no,no,no,yes,0,yes,furnished
6650000.0,5700,3,1,1,yes,yes,yes,no,yes,2,yes,furnished
6650000.0,6000,3,2,3,yes,yes,no,no,yes,0,no,furnished
6629000.0,6000,3,1,2,yes,no,no,yes,no,1,yes,semi-furnished
6615000.0,4000,3,2,2,yes,no,yes,no,yes,1,no,semi-furnished
6615000.0,10500,3,2,1,yes,no,yes,no,yes,1,yes,furnished
6580000.0,6000,3,2,4,yes,no,no,no,yes,0,no,semi-furnished
6510000.0,3760,3,1,2,yes,no,no,yes,no,2,no,semi-furnished
6510000.0,8250,3,2,3,yes,no,no,no,yes,0,no,furnished
6510000.0,6670,3,1,3,yes,no,yes,no,no,0,yes,unfurnished
6475000.0,3960,3,1,1,yes,no,yes,no,no,2,no,semi-furnished
6475000.0,7410,3,1,1,yes,yes,yes,no,yes,2,yes,unfurnished
6440000.0,8580,5,3,2,yes,no,no,no,no,2,no,furnished
6440000.0,5000,3,1,2,yes,no,no,no,yes,0,no,semi-furnished
6419000.0,6750,2,1,1,yes,yes,yes,no,no,2,yes,furnished
6405000.0,4800,3,2,4,yes,yes,no,no,yes,0,no,furnished
6300000.0,7200,3,2,1,yes,no,yes,no,yes,3,no,semi-furnished
6300000.0,6000,4,2,4,yes,no,no,no,no,1,no,semi-furnished
6300000.0,4100,3,2,3,yes,no,no,no,yes,2,no,semi-furnished
6300000.0,9000,3,1,1,yes,no,yes,no,no,1,yes,furnished
6300000.0,6400,3,1,1,yes,yes,yes,no,yes,1,yes,semi-furnished
6293000.0,6600,3,2,3,yes,no,no,no,yes,0,yes,unfurnished
6265000.0,6000,4,1,3,yes,yes,yes,no,no,0,yes,unfurnished
6230000.0,6600,3,2,1,yes,no,yes,no,yes,0,yes,unfurnished
6230000.0,5500,3,1,3,yes,no,no,no,no,1,yes,unfurnished
6195000.0,5500,3,2,4,yes,yes,no,no,yes,1,no,semi-furnished
6195000.0,6350,3,2,3,yes,yes,no,no,yes,0,no,furnished
6195000.0,5500,3,2,1,yes,yes,yes,no,no,2,yes,furnished
6160000.0,4500,3,1,4,yes,no,no,no,yes,0,no,unfurnished
6160000.0,5450,4,2,1,yes,no,yes,no,yes,0,yes,semi-furnished
6125000.0,6420,3,1,3,yes,no,yes,no,no,0,yes,unfurnished
6107500.0,3240,4,1,3,yes,no,no,no,no,1,no,semi-furnished
6090000.0,6615,4,2,2,yes,yes,no,yes,no,1,no,semi-furnished
6090000.0,6600,3,1,1,yes,yes,yes,no,no,2,yes,semi-furnished
6090000.0,8372,3,1,3,yes,no,no,no,yes,2,no,unfurnished
6083000.0,4300,6,2,2,yes,no,no,no,no,0,no,furnished
6083000.0,9620,3,1,1,yes,no,yes,no,no,2,yes,furnished
6020000.0,6800,2,1,1,yes,yes,yes,no,no,2,no,furnished
6020000.0,8000,3,1,1,yes,yes,yes,no,yes,2,yes,semi-furnished
6020000.0,6900,3,2,1,yes,yes,yes,no,no,0,yes,unfurnished
5950000.0,3700,4,1,2,yes,yes,no,no,yes,0,no,furnished
5950000.0,6420,3,1,1,yes,no,yes,no,yes,0,yes,furnished
5950000.0,7020,3,1,1,yes,no,yes,no,yes,2,yes,semi-furnished
5950000.0,6540,3,1,1,yes,yes,yes,no,no,2,yes,furnished
5950000.0,7231,3,1,2,yes,yes,yes,no,yes,0,yes,semi-furnished
5950000.0,6254,4,2,1,yes,no,yes,no,no,1,yes,semi-furnished
5950000.0,7320,4,2,2,yes,no,no,no,no,0,no,furnished
5950000.0,6525,3,2,4,yes,no,no,no,no,1,no,furnished
5943000.0,15600,3,1,1,yes,no,no,no,yes,2,no,semi-furnished
5880000.0,7160,3,1,1,yes,no,yes,no,no,2,yes,unfurnished
5880000.0,6500,3,2,3,yes,no,no,no,yes,0,no,unfurnished
5873000.0,5500,3,1,3,yes,yes,no,no,yes,1,no,furnished
5873000.0,11460,3,1,3,yes,no,no,no,no,2,yes,semi-furnished
5866000.0,4800,3,1,1,yes,yes,yes,no,no,0,no,unfurnished
5810000.0,5828,4,1,4,yes,yes,no,no,no,0,no,semi-furnished
5810000.0,5200,3,1,3,yes,no,no,no,yes,0,no,semi-furnished
5810000.0,4800,3,1,3,yes,no,no,no,yes,0,no,unfurnished
5803000.0,7000,3,1,1,yes,no,yes,no,no,2,yes,semi-furnished
5775000.0,6000,3,2,4,yes,no,no,no,yes,0,no,unfurnished
5740000.0,5400,4,2,2,yes,no,no,no,yes,2,no,unfurnished
5740000.0,4640,4,1,2,yes,no,no,no,no,1,no,semi-furnished
5740000.0,5000,3,1,3,yes,no,no,no,yes,0,no,semi-furnished
5740000.0,6360,3,1,1,yes,yes,yes,no,yes,2,yes,furnished
5740000.0,5800,3,2,4,yes,no,no,no,yes,0,no,unfurnished
5652500.0,6660,4,2,2,yes,yes,yes,no,no,1,yes,semi-furnished
5600000.0,10500,4,2,2,yes,no,no,no,no,1,no,semi-furnished
5600000.0,4800,5,2,3,no,no,yes,yes,no,0,no,unfurnished
5600000.0,4700,4,1,2,yes,yes,yes,no,yes,1,no,furnished
5600000.0,5000,3,1,4,yes,no,no,no,no,0,no,furnished
5600000.0,10500,2,1,1,yes,no,no,no,no,1,no,semi-furnished
5600000.0,5500,3,2,2,yes,no,no,no,no,1,no,semi-furnished
5600000.0,6360,3,1,3,yes,no,no,no,no,0,yes,semi-furnished
5600000.0,6600,4,2,1,yes,no,yes,no,no,0,yes,semi-furnished
5600000.0,5136,3,1,2,yes,yes,yes,no,yes,0,yes,unfurnished
5565000.0,4400,4,1,2,yes,no,no,no,yes,2,yes,semi-furnished
5565000.0,5400,5,1,2,yes,yes,yes,no,yes,0,yes,furnished
5530000.0,3300,3,3,2,yes,no,yes,no,no,0,no,semi-furnished
5530000.0,3650,3,2,2,yes,no,no,no,no,2,no,semi-furnished
5530000.0,6100,3,2,1,yes,no,yes,no,no,2,yes,furnished
5523000.0,6900,3,1,1,yes,yes,yes,no,no,0,yes,semi-furnished
5495000.0,2817,4,2,2,no,yes,yes,no,no,1,no,furnished
5495000.0,7980,3,1,1,yes,no,no,no,no,2,no,semi-furnished
5460000.0,3150,3,2,1,yes,yes,yes,no,yes,0,no,furnished
5460000.0,6210,4,1,4,yes,yes,no,no,yes,0,no,furnished
5460000.0,6100,3,1,3,yes,yes,no,no,yes,0,yes,semi-furnished
5460000.0,6600,4,2,2,yes,yes,yes,no,no,0,yes,semi-furnished
5425000.0,6825,3,1,1,yes,yes,yes,no,yes,0,yes,semi-furnished
5390000.0,6710,3,2,2,yes,yes,yes,no,no,1,yes,furnished
5383000.0,6450,3,2,1,yes,yes,yes,yes,no,0,no,unfurnished
5320000.0,7800,3,1,1,yes,no,yes,no,yes,2,yes,unfurnished
5285000.0,4600,2,2,1,yes,no,no,no,yes,2,no,semi-furnished
5250000.0,4260,4,1,2,yes,no,yes,no,yes,0,no,furnished
5250000.0,6540,4,2,2,no,no,no,no,yes,0,no,semi-furnished
5250000.0,5500,3,2,1,yes,no,yes,no,no,0,no,semi-furnished
5250000.0,10269,3,1,1,yes,no,no,no,no,1,yes,semi-furnished
5250000.0,8400,3,1,2,yes,yes,yes,no,yes,2,yes,unfurnished
5250000.0,5300,4,2,1,yes,no,no,no,yes,0,yes,unfurnished
5250000.0,3800,3,1,2,yes,yes,yes,no,no,1,yes,unfurnished
5250000.0,9800,4,2,2,yes,yes,no,no,no,2,no,semi-furnished
5250000.0,8520,3,1,1,yes,no,no,no,yes,2,no,furnished
5243000.0,6050,3,1,1,yes,no,yes,no,no,0,yes,semi-furnished
5229000.0,7085,3,1,1,yes,yes,yes,no,no,2,yes,semi-furnished
5215000.0,3180,3,2,2,yes,no,no,no,no,2,no,semi-furnished
5215000.0,4500,4,2,1,no,no,yes,no,yes,2,no,semi-furnished
5215000.0,7200,3,1,2,yes,yes,yes,no,no,1,yes,furnished
5145000.0,3410,3,1,2,no,no,no,no,yes,0,no,semi-furnished
5145000.0,7980,3,1,1,yes,no,no,no,no,1,yes,semi-furnished
5110000.0,3000,3,2,2,yes,yes,yes,no,no,0,no,furnished
5110000.0,3000,3,1,2,yes,no,yes,no,no,0,no,unfurnished
5110000.0,11410,2,1,2,yes,no,no,no,no,0,yes,furnished
5110000.0,6100,3,1,1,yes,no,yes,no,yes,0,yes,semi-furnished
5075000.0,5720,2,1,2,yes,no,no,no,yes,0,yes,unfurnished
5040000.0,3540,2,1,1,no,yes,yes,no,no,0,no,semi-furnished
5040000.0,7600,4,1,2,yes,no,no,no,yes,2,no,furnished
5040000.0,10700,3,1,2,yes,yes,yes,no,no,0,no,semi-furnished
5040000.0,6600,3,1,1,yes,yes,yes,no,no,0,yes,furnished
5033000.0,4800,2,1,1,yes,yes,yes,no,no,0,no,semi-furnished
5005000.0,8150,3,2,1,yes,yes,yes,no,no,0,no,semi-furnished
4970000.0,4410,4,3,2,yes,no,yes,no,no,2,no,semi-furnished
4970000.0,7686,3,1,1,yes,yes,yes,yes,no,0,no,semi-furnished
4956000.0,2800,3,2,2,no,no,yes,no,yes,1,no,semi-furnished
4935000.0,5948,3,1,2,yes,no,no,no,yes,0,no,semi-furnished
4907000.0,4200,3,1,2,yes,no,no,no,no,1,no,furnished
4900000.0,4520,3,1,2,yes,no,yes,no,yes,0,no,semi-furnished
4900000.0,4095,3,1,2,no,yes,yes,no,yes,0,no,semi-furnished
4900000.0,4120,2,1,1,yes,no,yes,no,no,1,no,semi-furnished
4900000.0,5400,4,1,2,yes,no,no,no,no,0,no,semi-furnished
4900000.0,4770,3,1,1,yes,yes,yes,no,no,0,no,semi-furnished
4900000.0,6300,3,1,1,yes,no,no,no,yes,2,no,semi-furnished
4900000.0,5800,2,1,1,yes,yes,yes,no,yes,0,no,semi-furnished
4900000.0,3000,3,1,2,yes,no,yes,no,yes,0,no,semi-furnished
4900000.0,2970,3,1,3,yes,no,no,no,no,0,no,semi-furnished
4900000.0,6720,3,1,1,yes,no,no,no,no,0,no,unfurnished
4900000.0,4646,3,1,2,yes,yes,yes,no,no,2,no,semi-furnished
4900000.0,12900,3,1,1,yes,no,no,no,no,2,no,furnished
4893000.0,3420,4,2,2,yes,no,yes,no,yes,2,no,semi-furnished
4893000.0,4995,4,2,1,yes,no,yes,no,no,0,no,semi-furnished
4865000.0,4350,2,1,1,yes,no,yes,no,no,0,no,unfurnished
4830000.0,4160,3,1,3,yes,no,no,no,no,0,no,unfurnished
4830000.0,6040,3,1,1,yes,no,no,no,no,2,yes,semi-furnished
4830000.0,6862,3,1,2,yes,no,no,no,yes,2,yes,furnished
4830000.0,4815,2,1,1,yes,no,no,no,yes,0,yes,semi-furnished
4795000.0,7000,3,1,2,yes,no,yes,no,no,0,no,unfurnished
4795000.0,8100,4,1,4,yes,no,yes,no,yes,2,no,semi-furnished
4767000.0,3420,4,2,2,yes,no,no,no,no,0,no,semi-furnished
4760000.0,9166,2,1,1,yes,no,yes,no,yes,2,no,semi-furnished
4760000.0,6321,3,1,2,yes,no,yes,no,yes,1,no,furnished
4760000.0,10240,2,1,1,yes,no,no,no,yes,2,yes,unfurnished
4753000.0,6440,2,1,1,yes,no,no,no,yes,3,no,semi-furnished
4690000.0,5170,3,1,4,yes,no,no,no,yes,0,no,semi-furnished
4690000.0,6000,2,1,1,yes,no,yes,no,yes,1,no,furnished
4690000.0,3630,3,1,2,yes,no,no,no,no,2,no,semi-furnished
4690000.0,9667,4,2,2,yes,yes,yes,no,no,1,no,semi-furnished
4690000.0,5400,2,1,2,yes,no,no,no,no,0,yes,semi-furnished
4690000.0,4320,3,1,1,yes,no,no,no,no,0,yes,semi-furnished
4655000.0,3745,3,1,2,yes,no,yes,no,no,0,no,furnished
4620000.0,4160,3,1,1,yes,yes,yes,no,yes,0,no,unfurnished
4620000.0,3880,3,2,2,yes,no,yes,no,no,2,no,semi-furnished
4620000.0,5680,3,1,2,yes,yes,no,no,yes,1,no,semi-furnished
4620000.0,2870,2,1,2,yes,yes,yes,no,no,0,yes,semi-furnished
4620000.0,5010,3,1,2,yes,no,yes,no,no,0,no,semi-furnished
4613000.0,4510,4,2,2,yes,no,yes,no,no,0,no,semi-furnished
4585000.0,4000,3,1,2,yes,no,no,no,no,1,no,furnished
4585000.0,3840,3,1,2,yes,no,no,no,no,1,yes,semi-furnished
4550000.0,3760,3,1,1,yes,no,no,no,no,2,no,semi-furnished
4550000.0,3640,3,1,2,yes,no,no,no,yes,0,no,furnished
4550000.0,2550,3,1,2,yes,no,yes,no,no,0,no,furnished
4550000.0,5320,3,1,2,yes,yes,yes,no,no,0,yes,semi-furnished
4550000.0,5360,3,1,2,yes,no,no,no,no,2,yes,unfurnished
4550000.0,3520,3,1,1,yes,no,no,no,no,0,yes,semi-furnished
4550000.0,8400,4,1,4,yes,no,no,no,no,3,no,unfurnished
4543000.0,4100,2,2,1,yes,yes,yes,no,no,0,no,semi-furnished
4543000.0,4990,4,2,2,yes,yes,yes,no,no,0,yes,furnished
4515000.0,3510,3,1,3,yes,no,no,no,no,0,no,semi-furnished
4515000.0,3450,3,1,2,yes,no,yes,no,no,1,no,semi-furnished
4515000.0,9860,3,1,1,yes,no,no,no,no,0,no,semi-furnished
4515000.0,3520,2,1,2,yes,no,no,no,no,0,yes,furnished
4480000.0,4510,4,1,2,yes,no,no,no,yes,2,no,semi-furnished
4480000.0,5885,2,1,1,yes,no,no,no,yes,1,no,unfurnished
4480000.0,4000,3,1,2,yes,no,no,no,no,2,no,furnished
4480000.0,8250,3,1,1,yes,no,no,no,no,0,no,furnished
4480000.0,4040,3,1,2,yes,no,no,no,no,1,no,semi-furnished
4473000.0,6360,2,1,1,yes,no,yes,no,yes,1,no,furnished
4473000.0,3162,3,1,2,yes,no,no,no,yes,1,no,furnished
4473000.0,3510,3,1,2,yes,no,no,no,no,0,no,semi-furnished
4445000.0,3750,2,1,1,yes,yes,yes,no,no,0,no,semi-furnished
4410000.0,3968,3,1,2,no,no,no,no,no,0,no,semi-furnished
4410000.0,4900,2,1,2,yes,no,yes,no,no,0,no,semi-furnished
4403000.0,2880,3,1,2,yes,no,no,no,no,0,yes,semi-furnished
4403000.0,4880,3,1,1,yes,no,no,no,no,2,yes,unfurnished
4403000.0,4920,3,1,2,yes,no,no,no,no,1,no,semi-furnished
4382000.0,4950,4,1,2,yes,no,no,no,yes,0,no,semi-furnished
4375000.0,3900,3,1,2,yes,no,no,no,no,0,no,unfurnished
4340000.0,4500,3,2,3,yes,no,no,yes,no,1,no,furnished
4340000.0,1905,5,1,2,no,no,yes,no,no,0,no,semi-furnished
4340000.0,4075,3,1,1,yes,yes,yes,no,no,2,no,semi-furnished
4340000.0,3500,4,1,2,yes,no,no,no,no,2,no,furnished
4340000.0,6450,4,1,2,yes,no,no,no,no,0,no,semi-furnished
4319000.0,4032,2,1,1,yes,no,yes,no,no,0,no,furnished
4305000.0,4400,2,1,1,yes,no,no,no,no,1,no,semi-furnished
4305000.0,10360,2,1,1,yes,no,no,no,no,1,yes,semi-furnished
4277000.0,3400,3,1,2,yes,no,yes,no,no,2,yes,semi-furnished
4270000.0,6360,2,1,1,yes,no,no,no,no,0,no,furnished
4270000.0,6360,2,1,2,yes,no,no,no,no,0,no,unfurnished
4270000.0,4500,2,1,1,yes,no,no,no,yes,2,no,furnished
4270000.0,2175,3,1,2,no,yes,yes,no,yes,0,no,unfurnished
4270000.0,4360,4,1,2,yes,no,no,no,no,0,no,furnished
4270000.0,7770,2,1,1,yes,no,no,no,no,1,no,furnished
4235000.0,6650,3,1,2,yes,yes,no,no,no,0,no,semi-furnished
4235000.0,2787,3,1,1,yes,no,yes,no,no,0,yes,furnished
4200000.0,5500,3,1,2,yes,no,no,no,yes,0,no,unfurnished
4200000.0,5040,3,1,2,yes,no,yes,no,yes,0,no,unfurnished
4200000.0,5850,2,1,1,yes,yes,yes,no,no,2,no,semi-furnished
4200000.0,2610,4,3,2,no,no,no,no,no,0,no,semi-furnished
4200000.0,2953,3,1,2,yes,no,yes,no,yes,0,no,unfurnished
4200000.0,2747,4,2,2,no,no,no,no,no,0,no,semi-furnished
4200000.0,4410,2,1,1,no,no,no,no,no,1,no,unfurnished
4200000.0,4000,4,2,2,no,no,no,no,no,0,no,semi-furnished
4200000.0,2325,3,1,2,no,no,no,no,no,0,no,semi-furnished
4200000.0,4600,3,2,2,yes,no,no,no,yes,1,no,semi-furnished
4200000.0,3640,3,2,2,yes,no,yes,no,no,0,no,unfurnished
4200000.0,5800,3,1,1,yes,no,no,yes,no,2,no,semi-furnished
4200000.0,7000,3,1,1,yes,no,no,no,no,3,no,furnished
4200000.0,4079,3,1,3,yes,no,no,no,no,0,no,semi-furnished
4200000.0,3520,3,1,2,yes,no,no,no,no,0,yes,semi-furnished
4200000.0,2145,3,1,3,yes,no,no,no,no,1,yes,unfurnished
4200000.0,4500,3,1,1,yes,no,yes,no,no,0,no,furnished
4193000.0,8250,3,1,1,yes,no,yes,no,no,3,no,semi-furnished
4193000.0,3450,3,1,2,yes,no,no,no,no,1,no,semi-furnished
4165000.0,4840,3,1,2,yes,no,no,no,no,1,no,semi-furnished
4165000.0,4080,3,1,2,yes,no,no,no,no,2,no,semi-furnished
4165000.0,4046,3,1,2,yes,no,yes,no,no,1,no,semi-furnished
4130000.0,4632,4,1,2,yes,no,no,no,yes,0,no,semi-furnished
4130000.0,5985,3,1,1,yes,no,yes,no,no,0,no,semi-furnished
4123000.0,6060,2,1,1,yes,no,yes,no,no,1,no,semi-furnished
4098500.0,3600,3,1,1,yes,no,yes,no,yes,0,yes,furnished
4095000.0,3680,3,2,2,yes,no,no,no,no,0,no,semi-furnished
4095000.0,4040,2,1,2,yes,no,no,no,no,1,no,semi-furnished
4095000.0,5600,2,1,1,yes,no,no,no,yes,0,no,semi-furnished
4060000.0,5900,4,2,2,no,no,yes,no,no,1,no,unfurnished
4060000.0,4992,3,2,2,yes,no,no,no,no,2,no,unfurnished
4060000.0,4340,3,1,1,yes,no,no,no,no,0,no,semi-furnished
4060000.0,3000,4,1,3,yes,no,yes,no,yes,2,no,semi-furnished
4060000.0,4320,3,1,2,yes,no,no,no,no,2,yes,furnished
4025000.0,3630,3,2,2,yes,no,no,yes,no,2,no,semi-furnished
4025000.0,3460,3,2,1,yes,no,yes,no,yes,1,no,furnished
4025000.0,5400,3,1,1,yes,no,no,no,no,3,no,semi-furnished
4007500.0,4500,3,1,2,no,no,yes,no,yes,0,no,semi-furnished
4007500.0,3460,4,1,2,yes,no,no,no,yes,0,no,semi-furnished
3990000.0,4100,4,1,1,no,no,yes,no,no,0,no,unfurnished
3990000.0,6480,3,1,2,no,no,no,no,yes,1,no,semi-furnished
3990000.0,4500,3,2,2,no,no,yes,no,yes,0,no,semi-furnished
3990000.0,3960,3,1,2,yes,no,no,no,no,0,no,furnished
3990000.0,4050,2,1,2,yes,yes,yes,no,no,0,yes,unfurnished
3920000.0,7260,3,2,1,yes,yes,yes,no,no,3,no,furnished
3920000.0,5500,4,1,2,yes,yes,yes,no,no,0,no,semi-furnished
3920000.0,3000,3,1,2,yes,no,no,no,no,0,no,semi-furnished
3920000.0,3290,2,1,1,yes,no,no,yes,no,1,no,furnished
3920000.0,3816,2,1,1,yes,no,yes,no,yes,2,no,furnished
3920000.0,8080,3,1,1,yes,no,no,no,yes,2,no,semi-furnished
3920000.0,2145,4,2,1,yes,no,yes,no,no,0,yes,unfurnished
3885000.0,3780,2,1,2,yes,yes,yes,no,no,0,no,semi-furnished
3885000.0,3180,4,2,2,yes,no,no,no,no,0,no,furnished
3850000.0,5300,5,2,2,yes,no,no,no,no,0,no,semi-furnished
3850000.0,3180,2,2,1,yes,no,yes,no,no,2,no,semi-furnished
3850000.0,7152,3,1,2,yes,no,no,no,yes,0,no,furnished
3850000.0,4080,2,1,1,yes,no,no,no,no,0,no,semi-furnished
3850000.0,3850,2,1,1,yes,no,no,no,no,0,no,semi-furnished
3850000.0,2015,3,1,2,yes,no,yes,no,no,0,yes,semi-furnished
3850000.0,2176,2,1,2,yes,yes,no,no,no,0,yes,semi-furnished
3836000.0,3350,3,1,2,yes,no,no,no,no,0,no,unfurnished
3815000.0,3150,2,2,1,no,no,yes,no,no,0,no,semi-furnished
3780000.0,4820,3,1,2,yes,no,no,no,no,0,no,semi-furnished
3780000.0,3420,2,1,2,yes,no,no,yes,no,1,no,semi-furnished
3780000.0,3600,2,1,1,yes,no,no,no,no,0,no,semi-furnished
3780000.0,5830,2,1,1,yes,no,no,no,no,2,no,unfurnished
3780000.0,2856,3,1,3,yes,no,no,no,no,0,yes,furnished
3780000.0,8400,2,1,1,yes,no,no,no,no,1,no,furnished
3773000.0,8250,3,1,1,yes,no,no,no,no,2,no,furnished
3773000.0,2520,5,2,1,no,no,yes,no,yes,1,no,furnished
3773000.0,6930,4,1,2,no,no,no,no,no,1,no,furnished
3745000.0,3480,2,1,1,yes,no,no,no,no,0,yes,semi-furnished
3710000.0,3600,3,1,1,yes,no,no,no,no,1,no,unfurnished
3710000.0,4040,2,1,1,yes,no,no,no,no,0,no,semi-furnished
3710000.0,6020,3,1,1,yes,no,no,no,no,0,no,semi-furnished
3710000.0,4050,2,1,1,yes,no,no,no,no,0,no,furnished
3710000.0,3584,2,1,1,yes,no,no,yes,no,0,no,semi-furnished
3703000.0,3120,3,1,2,no,no,yes,yes,no,0,no,semi-furnished
3703000.0,5450,2,1,1,yes,no,no,no,no,0,no,furnished
3675000.0,3630,2,1,1,yes,no,yes,no,no,0,no,furnished
3675000.0,3630,2,1,1,yes,no,no,no,yes,0,no,unfurnished
3675000.0,5640,2,1,1,no,no,no,no,no,0,no,semi-furnished
3675000.0,3600,2,1,1,yes,no,no,no,no,0,no,furnished
3640000.0,4280,2,1,1,yes,no,no,no,yes,2,no,semi-furnished
3640000.0,3570,3,1,2,yes,no,yes,no,no,0,no,semi-furnished
3640000.0,3180,3,1,2,no,no,yes,no,no,0,no,semi-furnished
3640000.0,3000,2,1,2,yes,no,no,no,yes,0,no,furnished
3640000.0,3520,2,2,1,yes,no,yes,no,no,0,no,semi-furnished
3640000.0,5960,3,1,2,yes,yes,yes,no,no,0,no,unfurnished
3640000.0,4130,3,2,2,yes,no,no,no,no,2,no,semi-furnished
3640000.0,2850,3,2,2,no,no,yes,no,no,0,yes,unfurnished
3640000.0,2275,3,1,3,yes,no,no,yes,yes,0,yes,semi-furnished
3633000.0,3520,3,1,1,yes,no,no,no,no,2,yes,unfurnished
3605000.0,4500,2,1,1,yes,no,no,no,no,0,no,semi-furnished
3605000.0,4000,2,1,1,yes,no,no,no,no,0,yes,semi-furnished
3570000.0,3150,3,1,2,yes,no,yes,no,no,0,no,furnished
3570000.0,4500,4,2,2,yes,no,yes,no,no,2,no,furnished
3570000.0,4500,2,1,1,no,no,no,no,no,0,no,furnished
3570000.0,3640,2,1,1,yes,no,no,no,no,0,no,unfurnished
3535000.0,3850,3,1,1,yes,no,no,no,no,2,no,unfurnished
3500000.0,4240,3,1,2,yes,no,no,no,yes,0,no,semi-furnished
3500000.0,3650,3,1,2,yes,no,no,no,no,0,no,unfurnished
3500000.0,4600,4,1,2,yes,no,no,no,no,0,no,semi-furnished
3500000.0,2135,3,2,2,no,no,no,no,no,0,no,unfurnished
3500000.0,3036,3,1,2,yes,no,yes,no,no,0,no,semi-furnished
3500000.0,3990,3,1,2,yes,no,no,no,no,0,no,semi-furnished
3500000.0,7424,3,1,1,no,no,no,no,no,0,no,unfurnished
3500000.0,3480,3,1,1,no,no,no,no,yes,0,no,unfurnished
3500000.0,3600,6,1,2,yes,no,no,no,no,1,no,unfurnished
3500000.0,3640,2,1,1,yes,no,no,no,no,1,no,semi-furnished
3500000.0,5900,2,1,1,yes,no,no,no,no,1,no,furnished
3500000.0,3120,3,1,2,yes,no,no,no,no,1,no,unfurnished
3500000.0,7350,2,1,1,yes,no,no,no,no,1,no,semi-furnished
3500000.0,3512,2,1,1,yes,no,no,no,no,1,yes,unfurnished
3500000.0,9500,3,1,2,yes,no,no,no,no,3,yes,unfurnished
3500000.0,5880,2,1,1,yes,no,no,no,no,0,no,unfurnished
3500000.0,12944,3,1,1,yes,no,no,no,no,0,no,unfurnished
3493000.0,4900,3,1,2,no,no,no,no,no,0,no,unfurnished
3465000.0,3060,3,1,1,yes,no,no,no,no,0,no,unfurnished
3465000.0,5320,2,1,1,yes,no,no,no,no,1,yes,unfurnished
3465000.0,2145,3,1,3,yes,no,no,no,no,0,yes,furnished
3430000.0,4000,2,1,1,yes,no,no,no,no,0,no,unfurnished
3430000.0,3185,2,1,1,yes,no,no,no,no,2,no,unfurnished
3430000.0,3850,3,1,1,yes,no,no,no,no,0,no,unfurnished
3430000.0,2145,3,1,3,yes,no,no,no,no,0,yes,furnished
3430000.0,2610,3,1,2,yes,no,yes,no,no,0,yes,unfurnished
3430000.0,1950,3,2,2,yes,no,yes,no,no,0,yes,unfurnished
3423000.0,4040,2,1,1,yes,no,no,no,no,0,no,unfurnished
3395000.0,4785,3,1,2,yes,yes,yes,no,yes,1,no,furnished
3395000.0,3450,3,1,1,yes,no,yes,no,no,2,no,unfurnished
3395000.0,3640,2,1,1,yes,no,no,no,no,0,no,furnished
3360000.0,3500,4,1,2,yes,no,no,no,yes,2,no,unfurnished
3360000.0,4960,4,1,3,no,no,no,no,no,0,no,semi-furnished
3360000.0,4120,2,1,2,yes,no,no,no,no,0,no,unfurnished
3360000.0,4750,2,1,1,yes,no,no,no,no,0,no,unfurnished
3360000.0,3720,2,1,1,no,no,no,no,yes,0,no,unfurnished
3360000.0,3750,3,1,1,yes,no,no,no,no,0,no,unfurnished
3360000.0,3100,3,1,2,no,no,yes,no,no,0,no,semi-furnished
3360000.0,3185,2,1,1,yes,no,yes,no,no,2,no,furnished
3353000.0,2700,3,1,1,no,no,no,no,no,0,no,furnished
3332000.0,2145,3,1,2,yes,no,yes,no,no,0,yes,furnished
3325000.0,4040,2,1,1,yes,no,no,no,no,1,no,unfurnished
3325000.0,4775,4,1,2,yes,no,no,no,no,0,no,unfurnished
3290000.0,2500,2,1,1,no,no,no,no,yes,0,no,unfurnished
3290000.0,3180,4,1,2,yes,no,yes,no,yes,0,no,unfurnished
3290000.0,6060,3,1,1,yes,yes,yes,no,no,0,no,furnished
3290000.0,3480,4,1,2,no,no,no,no,no,1,no,semi-furnished
3290000.0,3792,4,1,2,yes,no,no,no,no,0,no,semi-furnished
3290000.0,4040,2,1,1,yes,no,no,no,no,0,no,unfurnished
3290000.0,2145,3,1,2,yes,no,yes,no,no,0,yes,furnished
3290000.0,5880,3,1,1,yes,no,no,no,no,1,no,unfurnished
3255000.0,4500,2,1,1,no,no,no,no,no,0,no,semi-furnished
3255000.0,3930,2,1,1,no,no,no,no,no,0,no,unfurnished
3234000.0,3640,4,1,2,yes,no,yes,no,no,0,no,unfurnished
3220000.0,4370,3,1,2,yes,no,no,no,no,0,no,unfurnished
3220000.0,2684,2,1,1,yes,no,no,no,yes,1,no,unfurnished
3220000.0,4320,3,1,1,no,no,no,no,no,1,no,unfurnished
3220000.0,3120,3,1,2,no,no,no,no,no,0,no,furnished
3150000.0,3450,1,1,1,yes,no,no,no,no,0,no,furnished
3150000.0,3986,2,2,1,no,yes,yes,no,no,1,no,unfurnished
3150000.0,3500,2,1,1,no,no,yes,no,no,0,no,semi-furnished
3150000.0,4095,2,1,1,yes,no,no,no,no,2,no,semi-furnished
3150000.0,1650,3,1,2,no,no,yes,no,no,0,no,unfurnished
3150000.0,3450,3,1,2,yes,no,yes,no,no,0,no,semi-furnished
3150000.0,6750,2,1,1,yes,no,no,no,no,0,no,semi-furnished
3150000.0,9000,3,1,2,yes,no,no,no,no,2,no,semi-furnished
3150000.0,3069,2,1,1,yes,no,no,no,no,1,no,unfurnished
3143000.0,4500,3,1,2,yes,no,no,no,yes,0,no,unfurnished
3129000.0,5495,3,1,1,yes,no,yes,no,no,0,no,unfurnished
3118850.0,2398,3,1,1,yes,no,no,no,no,0,yes,semi-furnished
3115000.0,3000,3,1,1,no,no,no,no,yes,0,no,unfurnished
3115000.0,3850,3,1,2,yes,no,no,no,no,0,no,unfurnished
3115000.0,3500,2,1,1,yes,no,no,no,no,0,no,unfurnished
3087000.0,8100,2,1,1,yes,no,no,no,no,1,no,unfurnished
3080000.0,4960,2,1,1,yes,no,yes,no,yes,0,no,unfurnished
3080000.0,2160,3,1,2,no,no,yes,no,no,0,no,semi-furnished
3080000.0,3090,2,1,1,yes,yes,yes,no,no,0,no,unfurnished
3080000.0,4500,2,1,2,yes,no,no,yes,no,1,no,semi-furnished
3045000.0,3800,2,1,1,yes,no,no,no,no,0,no,unfurnished
3010000.0,3090,3,1,2,no,no,no,no,no,0,no,semi-furnished
3010000.0,3240,3,1,2,yes,no,no,no,no,2,no,semi-furnished
3010000.0,2835,2,1,1,yes,no,no,no,no,0,no,semi-furnished
3010000.0,4600,2,1,1,yes,no,no,no,no,0,no,furnished
3010000.0,5076,3,1,1,no,no,no,no,no,0,no,unfurnished
3010000.0,3750,3,1,2,yes,no,no,no,no,0,no,unfurnished
3010000.0,3630,4,1,2,yes,no,no,no,no,3,no,semi-furnished
3003000.0,8050,2,1,1,yes,no,no,no,no,0,no,unfurnished
2975000.0,4352,4,1,2,no,no,no,no,no,1,no,unfurnished
2961000.0,3000,2,1,2,yes,no,no,no,no,0,no,semi-furnished
2940000.0,5850,3,1,2,yes,no,yes,no,no,1,no,unfurnished
2940000.0,4960,2,1,1,yes,no,no,no,no,0,no,unfurnished
2940000.0,3600,3,1,2,no,no,no,no,no,1,no,unfurnished
2940000.0,3660,4,1,2,no,no,no,no,no,0,no,unfurnished
2940000.0,3480,3,1,2,no,no,no,no,no,1,no,semi-furnished
2940000.0,2700,2,1,1,no,no,no,no,no,0,no,furnished
2940000.0,3150,3,1,2,no,no,no,no,no,0,no,unfurnished
2940000.0,6615,3,1,2,yes,no,no,no,no,0,no,semi-furnished
2870000.0,3040,2,1,1,no,no,no,no,no,0,no,unfurnished
2870000.0,3630,2,1,1,yes,no,no,no,no,0,no,unfurnished
2870000.0,6000,2,1,1,yes,no,no,no,no,0,no,semi-furnished
2870000.0,5400,4,1,2,yes,no,no,no,no,0,no,unfurnished
2852500.0,5200,4,1,3,yes,no,no,no,no,0,no,unfurnished
2835000.0,3300,3,1,2,no,no,no,no,no,1,no,semi-furnished
2835000.0,4350,3,1,2,no,no,no,yes,no,1,no,unfurnished
2835000.0,2640,2,1,1,no,no,no,no,no,1,no,furnished
2800000.0,2650,3,1,2,yes,no,yes,no,no,1,no,unfurnished
2800000.0,3960,3,1,1,yes,no,no,no,no,0,no,furnished
2730000.0,6800,2,1,1,yes,no,no,no,no,0,no,unfurnished
2730000.0,4000,3,1,2,yes,no,no,no,no,1,no,unfurnished
2695000.0,4000,2,1,1,yes,no,no,no,no,0,no,unfurnished
2660000.0,3934,2,1,1,yes,no,no,no,no,0,no,unfurnished
2660000.0,2000,2,1,2,yes,no,no,no,no,0,no,semi-furnished
2660000.0,3630,3,3,2,no,yes,no,no,no,0,no,unfurnished
2660000.0,2800,3,1,1,yes,no,no,no,no,0,no,unfurnished
2660000.0,2430,3,1,1,no,no,no,no,no,0,no,unfurnished
2660000.0,3480,2,1,1,yes,no,no,no,no,1,no,semi-furnished
2660000.0,4000,3,1,1,yes,no,no,no,no,0,no,semi-furnished
2653000.0,3185,2,1,1,yes,no,no,no,yes,0,no,unfurnished
2653000.0,4000,3,1,2,yes,no,no,no,yes,0,no,unfurnished
2604000.0,2910,2,1,1,no,no,no,no,no,0,no,unfurnished
2590000.0,3600,2,1,1,yes,no,no,no,no,0,no,unfurnished
2590000.0,4400,2,1,1,yes,no,no,no,no,0,no,unfurnished
2590000.0,3600,2,2,2,yes,no,yes,no,no,1,no,furnished
2520000.0,2880,3,1,1,no,no,no,no,no,0,no,unfurnished
2520000.0,3180,3,1,1,no,no,no,no,no,0,no,unfurnished
2520000.0,3000,2,1,2,yes,no,no,no,no,0,no,furnished
2485000.0,4400,3,1,2,yes,no,no,no,no,0,no,unfurnished
2485000.0,3000,3,1,2,no,no,no,no,no,0,no,semi-furnished
2450000.0,3210,3,1,2,yes,no,yes,no,no,0,no,unfurnished
2450000.0,3240,2,1,1,no,yes,no,no,no,1,no,unfurnished
2450000.0,3000,2,1,1,yes,no,no,no,no,1,no,unfurnished
2450000.0,3500,2,1,1,yes,yes,no,no,no,0,no,unfurnished
2450000.0,4840,2,1,2,yes,no,no,no,no,0,no,unfurnished
2450000.0,7700,2,1,1,yes,no,no,no,no,0,no,unfurnished
2408000.0,3635,2,1,1,no,no,no,no,no,0,no,unfurnished
2380000.0,2475,3,1,2,yes,no,no,no,no,0,no,furnished
2380000.0,2787,4,2,2,yes,no,no,no,no,0,no,furnished
2380000.0,3264,2,1,1,yes,no,no,no,no,0,no,unfurnished
2345000.0,3640,2,1,1,yes,no,no,no,no,0,no,unfurnished
2310000.0,3180,2,1,1,yes,no,no,no,no,0,no,unfurnished
2275000.0,1836,2,1,1,no,no,yes,no,no,0,no,semi-furnished
2275000.0,3970,1,1,1,no,no,no,no,no,0,no,unfurnished
2275000.0,3970,3,1,2,yes,no,yes,no,no,0,no,unfurnished
2240000.0,1950,3,1,1,no,no,no,yes,no,0,no,unfurnished
2233000.0,5300,3,1,1,no,no,no,no,yes,0,yes,unfurnished
2135000.0,3000,2,1,1,no,no,no,no,no,0,no,unfurnished
2100000.0,2400,3,1,2,yes,no,no,no,no,0,no,unfurnished
2100000.0,3000,4,1,2,yes,no,no,no,no,0,no,unfurnished
2100000.0,3360,2,1,1,yes,no,no,no,no,1,no,unfurnished
1960000.0,3420,5,1,2,no,no,no,no,no,0,no,unfurnished
1890000.0,1700,3,1,2,yes,no,no,no,no,0,no,unfurnished
1890000.0,3649,2,1,1,yes,no,no,no,no,0,no,unfurnished
1855000.0,2990,2,1,1,no,no,no,no,no,1,no,unfurnished
1820000.0,3000,2,1,1,yes,no,yes,no,no,2,no,unfurnished
1767150.0,2400,3,1,1,no,no,no,no,no,0,no,semi-furnished
1750000.0,3620,2,1,1,yes,no,no,no,no,0,no,unfurnished
1750000.0,2910,3,1,1,no,no,no,no,no,0,no,furnished
1750000.0,3850,3,1,2,yes,no,no,no,no,0,no,unfurnished
3738000.0,2989,3,2,2,no,yes,yes,yes,yes,1,yes,furnished
5298000.0,3094,2,1,3,no,yes,no,yes,yes,0,no,semi-furnished
5301000.0,8319,2,1,1,yes,yes,yes,yes,yes,0,no,semi-furnished
2317000.0,3907,2,1,1,no,yes,no,no,no,0,no,unfurnished
4232000.0,3720,4,1,1,yes,yes,no,yes,yes,0,yes,semi-furnished
3878000.0,2705,3,1,4,no,no,no,yes,no,1,yes,unfurnished
2154000.0,2538,3,2,1,no,yes,no,yes,no,1,yes,semi-furnished
6523000.0,6167,4,1,5,no,yes,yes,no,yes,0,yes,unfurnished
5378000.0,4421,3,2,1,no,yes,no,yes,yes,1,yes,semi-furnished
4132000.0,3234,2,1,2,yes,yes,yes,yes,no,1,yes,unfurnished
4814000.0,10754,2,2,1,yes,yes,no,no,yes,2,yes,unfurnished
3536000.0,1701,4,2,2,no,yes,no,no,no,0,no,furnished
8903000.0,6299,2,1,3,yes,yes,no,yes,yes,3,no,furnished
5507000.0,15634,2,1,1,yes,yes,no,no,no,3,no,semi-furnished
2591000.0,3366,4,1,3,yes,yes,no,no,no,1,yes,semi-furnished
5700000.0,4608,5,2,2,yes,yes,no,yes,yes,0,yes,semi-furnished
4518000.0,6136,4,1,4,no,yes,no,yes,no,0,yes,semi-furnished
3451000.0,4005,3,1,1,yes,no,yes,yes,yes,0,yes,semi-furnished
9798000.0,8288,5,2,1,yes,no,yes,no,no,3,no,furnished
4826000.0,8643,4,1,5,no,no,yes,yes,yes,2,yes,semi-furnished
3517000.0,7726,2,1,1,yes,yes,no,no,no,0,no,furnished
8332000.0,6806,3,1,5,yes,yes,no,yes,no,2,yes,unfurnished
7210000.0,8871,2,1,2,yes,yes,no,yes,no,1,no,furnished
7297000.0,11615,3,2,1,no,no,no,no,yes,0,yes,furnished
3737000.0,6044,4,1,3,no,no,no,yes,no,1,yes,furnished
6331000.0,6525,2,2,1,yes,yes,yes,no,yes,1,no,semi-furnished
3730000.0,3420,2,2,3,no,no,no,yes,yes,0,no,unfurnished
5841000.0,4540,4,4,2,no,yes,no,no,yes,2,yes,furnished
3977000.0,4403,2,1,1,yes,no,no,no,no,0,no,semi-furnished
2312000.0,7282,2,1,1,no,yes,yes,no,no,0,yes,semi-furnished
8584000.0,5694,2,1,3,no,yes,yes,no,no,1,yes,furnished
4633000.0,4643,2,1,1,yes,yes,no,yes,yes,0,no,unfurnished
2429000.0,1856,1,2,1,no,yes,no,no,yes,0,yes,furnished
3652000.0,4733,2,1,2,yes,yes,yes,no,yes,1,yes,furnished
9767000.0,7613,2,1,3,no,no,yes,yes,yes,0,no,semi-furnished
6217000.0,7603,3,1,1,yes,no,no,no,yes,3,no,semi-furnished
5922000.0,3237,4,1,2,yes,no,no,yes,yes,0,yes,furnished
7377000.0,3881,3,2,3,yes,no,no,no,yes,3,no,unfurnished
4070000.0,4555,2,2,4,yes,no,yes,no,no,2,yes,unfurnished
5686000.0,3067,2,1,3,yes,yes,no,yes,no,3,yes,furnished
4080000.0,8727,2,1,1,no,no,no,yes,yes,3,yes,semi-furnished
5518000.0,5014,2,1,3,yes,yes,no,no,no,0,yes,furnished
3454000.0,4145,3,1,1,yes,yes,yes,yes,no,1,no,semi-furnished
5707000.0,6239,2,3,2,yes,no,yes,no,no,1,yes,semi-furnished
2880000.0,4804,1,1,1,no,no,no,yes,yes,0,yes,unfurnished
1703000.0,3850,3,1,1,yes,no,no,no,yes,0,yes,unfurnished
5210000.0,5191,5,1,1,no,yes,yes,yes,no,1,yes,furnished
3156000.0,4149,4,1,2,no,no,no,no,no,2,no,semi-furnished
2752000.0,3885,3,2,1,yes,yes,no,no,no,0,yes,unfurnished
5562000.0,3198,3,2,1,yes,no,yes,no,no,0,no,furnished
5036000.0,10862,3,2,3,no,no,yes,no,yes,1,no,unfurnished
5072000.0,7006,2,1,1,yes,yes,no,no,yes,1,yes,unfurnished
5496000.0,6356,4,1,4,no,no,no,yes,no,0,no,semi-furnished
7067000.0,4505,4,2,2,no,yes,no,yes,yes,2,yes,unfurnished
5550000.0,6294,4,1,1,no,yes,yes,no,no,0,no,furnished
2797000.0,3991,3,1,2,no,yes,yes,yes,yes,0,yes,furnished
4502000.0,3286,3,1,3,no,no,no,yes,no,3,no,unfurnished
2920000.0,2522,3,1,2,yes,no,no,no,yes,1,yes,semi-furnished
3924000.0,2784,3,2,2,yes,no,no,no,yes,1,yes,semi-furnished
5591000.0,6119,5,2,3,yes,yes,yes,no,yes,0,yes,unfurnished
2710000.0,5194,5,1,1,no,no,yes,no,no,0,yes,unfurnished
4167000.0,3122,2,2,2,yes,no,yes,yes,no,1,yes,semi-furnished
7353000.0,7240,2,2,5,yes,no,yes,yes,no,3,no,unfurnished
7319000.0,6148,2,2,3,yes,no,yes,no,no,0,yes,furnished
3385000.0,5064,2,2,2,no,no,yes,no,yes,0,yes,semi-furnished
3452000.0,3266,4,1,1,yes,yes,yes,no,no,2,no,semi-furnished
3436000.0,5131,5,3,2,yes,no,yes,yes,yes,0,no,furnished
1556000.0,3035,3,1,1,yes,no,no,no,no,2,no,semi-furnished
5802000.0,5420,2,2,2,no,no,yes,yes,no,1,no,semi-furnished
2922000.0,3961,2,1,3,no,yes,yes,no,yes,1,no,semi-furnished
7829000.0,7538,2,3,4,yes,yes,no,no,yes,1,yes,furnished
2903000.0,5225,2,1,1,yes,no,yes,yes,no,1,yes,semi-furnished
7616000.0,7568,2,2,1,no,yes,yes,no,yes,1,no,unfurnished
6811000.0,6466,2,2,2,yes,no,yes,yes,yes,0,no,semi-furnished
4911000.0,4404,4,1,1,no,no,no,yes,no,0,no,semi-furnished
10144000.0,8308,3,2,2,yes,yes,no,yes,yes,0,yes,furnished
2824000.0,4221,4,1,1,yes,no,no,no,no,1,no,unfurnished
3853000.0,6846,2,2,2,yes,no,yes,yes,no,0,no,semi-furnished
5179000.0,6785,5,1,5,no,no,yes,yes,yes,1,no,unfurnished
3820000.0,5839,3,1,2,yes,no,yes,no,yes,0,no,semi-furnished
5297000.0,9576,3,2,2,no,yes,yes,no,no,0,no,furnished
6780000.0,9771,5,1,3,no,yes,yes,yes,no,2,yes,unfurnished
6839000.0,16202,2,2,1,no,yes,no,no,no,2,no,unfurnished
4669000.0,3273,4,1,4,yes,no,no,no,yes,1,yes,semi-furnished
3728000.0,3069,3,1,2,no,no,yes,yes,yes,0,no,semi-furnished
8715000.0,5447,4,1,1,yes,yes,no,no,yes,1,yes,furnished
3711000.0,2940,3,1,3,yes,no,yes,no,no,1,yes,unfurnished
5692000.0,5873,3,2,3,yes,yes,yes,yes,no,2,no,unfurnished
3594000.0,5850,4,2,1,yes,yes,no,yes,no,1,yes,unfurnished
6496000.0,6361,2,3,5,no,no,no,yes,no,3,no,semi-furnished
5323000.0,3683,4,2,1,yes,yes,no,yes,yes,0,no,furnished
4269000.0,3805,3,3,3,no,yes,yes,yes,yes,2,no,semi-furnished
7161000.0,4809,3,1,3,yes,no,no,yes,no,0,no,furnished
3329000.0,2881,3,1,3,yes,yes,no,yes,no,0,yes,furnished
4201000.0,4703,5,3,3,no,no,yes,no,yes,3,yes,semi-furnished
4279000.0,4738,2,1,2,no,yes,yes,yes,no,1,yes,furnished
4328000.0,6837,3,1,1,yes,yes,no,no,yes,1,yes,semi-furnished
5169000.0,5929,4,1,3,yes,yes,yes,yes,yes,0,yes,unfurnished
3618000.0,4675,3,2,1,yes,yes,yes,no,no,2,yes,unfurnished
5604000.0,6431,4,1,1,yes,no,no,yes,no,0,yes,unfurnished
3203000.0,6351,2,1,2,no,no,no,yes,yes,1,no,semi-furnished
3865000.0,3477,2,1,1,yes,yes,no,no,no,1,yes,furnished
3166000.0,3721,3,2,2,no,no,yes,no,yes,0,no,unfurnished
3157000.0,3289,2,1,1,no,yes,no,no,yes,1,no,semi-furnished
3655000.0,4397,2,1,2,no,no,yes,no,no,1,yes,unfurnished
2504000.0,3135,3,2,1,yes,yes,no,no,yes,1,yes,unfurnished
3912000.0,3354,3,1,3,yes,yes,yes,yes,yes,3,no,semi-furnished
3594000.0,4227,1,1,2,no,no,yes,no,no,1,yes,furnished
3554000.0,4187,4,1,1,no,yes,yes,no,no,0,yes,semi-furnished
10152000.0,7935,5,3,3,no,yes,yes,no,no,4,yes,furnished
3675000.0,5329,3,2,2,yes,no,no,yes,yes,0,yes,furnished
6512000.0,8701,3,1,1,no,no,no,no,yes,2,yes,semi-furnished
3598000.0,3714,5,1,2,no,yes,no,yes,yes,0,no,unfurnished
4905000.0,6315,4,1,4,no,no,yes,no,no,0,yes,furnished
3556000.0,6176,2,1,2,no,yes,yes,yes,no,1,no,semi-furnished
5193000.0,6874,2,2,2,yes,yes,yes,yes,yes,1,yes,unfurnished
6108000.0,7267,3,2,1,no,no,no,no,yes,3,yes,semi-furnished
2942000.0,3842,3,2,1,no,no,yes,yes,no,2,yes,furnished
4036000.0,3976,2,2,2,no,no,yes,no,yes,1,yes,semi-furnished
2678000.0,3686,1,1,2,yes,no,no,yes,no,0,no,semi-furnished
4427000.0,7220,2,1,2,no,no,no,yes,yes,0,no,semi-furnished
7506000.0,3251,3,3,1,no,no,no,no,no,2,yes,unfurnished
3771000.0,3218,2,2,1,no,no,no,yes,yes,1,yes,semi-furnished
4473000.0,3568,4,2,3,yes,no,no,no,yes,0,yes,unfurnished
4662000.0,4765,3,1,2,no,yes,no,no,yes,0,yes,unfurnished
3134000.0,3757,4,2,1,yes,no,no,no,no,2,yes,semi-furnished
4898000.0,4805,2,2,1,no,yes,yes,no,yes,1,yes,semi-furnished
4081000.0,6309,3,1,2,no,no,yes,yes,no,1,yes,furnished
8590000.0,7287,2,3,1,no,yes,yes,yes,yes,1,no,furnished
4687000.0,2832,4,2,1,yes,no,no,no,yes,0,no,semi-furnished
3998000.0,4247,2,1,1,yes,yes,yes,yes,yes,0,yes,unfurnished
4491000.0,3655,2,1,3,yes,no,yes,yes,no,0,no,semi-furnished
4915000.0,7681,4,2,3,no,no,yes,yes,yes,1,no,furnished
3869000.0,3764,2,1,1,yes,yes,no,no,yes,0,no,furnished
6020000.0,5284,2,1,5,no,no,yes,no,no,1,yes,furnished
2779000.0,3386,4,1,3,yes,no,no,no,no,2,no,furnished
3424000.0,2820,2,1,1,no,yes,no,no,no,0,yes,semi-furnished
3143000.0,3750,2,1,1,no,yes,yes,no,no,1,yes,semi-furnished
6194000.0,8501,2,1,1,yes,yes,no,no,yes,1,no,semi-furnished
3121000.0,3998,4,1,2,yes,no,no,no,no,0,no,furnished
4681000.0,6372,4,1,2,no,yes,yes,yes,no,1,no,unfurnished
8425000.0,5816,2,3,5,yes,yes,yes,yes,yes,0,yes,furnished
4184000.0,4799,3,1,3,yes,no,no,yes,yes,0,yes,unfurnished
2118000.0,3549,1,1,1,yes,no,no,no,no,0,no,unfurnished
4199000.0,10651,2,1,3,yes,no,yes,yes,yes,1,no,furnished
1827000.0,3723,2,1,1,yes,no,yes,no,yes,0,no,semi-furnished
7462000.0,6982,3,2,1,yes,yes,no,no,no,0,no,semi-furnished
4249000.0,4380,1,1,1,yes,yes,yes,no,no,1,no,unfurnished
7650000.0,6235,4,3,3,no,no,yes,yes,no,1,no,semi-furnished
6426000.0,6583,4,1,2,no,yes,yes,no,no,0,no,semi-furnished
8270000.0,5715,2,1,4,no,no,no,yes,no,1,no,unfurnished
4097000.0,2634,2,3,2,no,no,no,yes,no,0,no,semi-furnished
6316000.0,7189,4,1,2,no,yes,yes,no,no,0,yes,furnished
2765000.0,4026,4,1,2,no,yes,yes,no,no,0,yes,unfurnished
7021000.0,7010,2,2,2,yes,yes,yes,yes,yes,3,yes,furnished
3478000.0,7005,2,1,2,yes,no,no,no,yes,0,no,semi-furnished
5275000.0,5211,4,2,2,yes,yes,yes,no,yes,0,yes,semi-furnished
4200000.0,4305,4,1,1,no,no,yes,yes,yes,0,no,furnished
3628000.0,3416,3,1,1,yes,no,yes,yes,yes,0,no,unfurnished
4396000.0,2176,4,1,1,yes,yes,no,yes,no,0,no,unfurnished
4151000.0,3561,2,1,1,no,yes,yes,yes,no,1,no,semi-furnished
3644000.0,4381,1,2,1,no,yes,yes,yes,no,2,no,furnished
4904000.0,5639,3,1,2,yes,no,yes,no,no,2,yes,semi-furnished
3078000.0,4773,2,2,1,yes,no,yes,no,no,1,yes,unfurnished
4908000.0,3534,3,1,1,yes,no,no,yes,no,1,no,unfurnished
3152000.0,3363,1,1,1,no,yes,no,yes,yes,0,no,semi-furnished
6500000.0,6599,3,1,4,yes,yes,no,no,yes,2,no,semi-furnished
2591000.0,3896,2,1,1,no,no,yes,no,yes,0,yes,unfurnished
2235000.0,4503,1,1,1,no,no,yes,yes,no,0,yes,furnished
3708000.0,8008,1,1,2,no,yes,yes,no,yes,1,yes,unfurnished
4930000.0,4178,4,1,1,yes,yes,yes,no,yes,1,no,semi-furnished
6547000.0,5097,4,1,4,yes,yes,yes,yes,yes,1,yes,furnished
5141000.0,10821,2,2,1,yes,no,yes,yes,yes,2,no,semi-furnished
5428000.0,6363,3,1,2,yes,yes,no,yes,yes,1,no,furnished
3109000.0,3746,2,2,1,yes,no,no,no,no,0,yes,furnished
3328000.0,5006,2,1,1,no,yes,yes,no,no,4,yes,unfurnished
3600000.0,2112,3,2,1,no,yes,no,no,no,0,no,furnished
2993000.0,4135,2,2,2,no,yes,no,no,no,1,yes,semi-furnished
3284000.0,5775,2,2,1,yes,yes,no,no,yes,0,no,furnished
3885000.0,6286,2,1,1,yes,no,no,no,yes,0,yes,furnished
4979000.0,4059,3,1,1,no,yes,yes,no,no,3,no,unfurnished
4079000.0,8787,2,1,3,yes,no,no,no,yes,4,no,semi-furnished
3593000.0,4343,3,2,3,no,no,yes,no,no,1,yes,furnished
7017000.0,3754,2,3,3,no,no,no,yes,yes,3,yes,furnished
2697000.0,3964,1,2,1,yes,yes,yes,no,no,1,no,semi-furnished
3871000.0,3654,2,2,1,no,no,yes,no,no,1,yes,semi-furnished
5692000.0,6767,4,1,1,no,yes,yes,no,no,3,yes,semi-furnished
3773000.0,2343,3,1,2,no,yes,no,no,yes,1,yes,semi-furnished
4215000.0,3458,2,3,2,yes,no,no,yes,no,3,yes,semi-furnished
3504000.0,7635,3,2,1,no,no,yes,yes,yes,0,yes,semi-furnished
4805000.0,2980,2,2,2,no,yes,yes,no,yes,0,no,furnished
4833000.0,6349,4,2,1,yes,no,no,no,no,0,yes,furnished
3559000.0,4320,2,1,1,no,no,no,yes,no,1,yes,unfurnished
3172000.0,3312,3,1,1,no,no,yes,yes,no,1,no,furnished
10015000.0,7437,4,3,3,no,yes,no,yes,yes,1,yes,furnished
6500000.0,11144,5,2,2,yes,no,yes,no,no,1,yes,unfurnished
4723000.0,2775,4,1,2,yes,no,yes,no,no,3,no,furnished
10830000.0,14659,5,4,2,yes,yes,yes,no,yes,1,no,furnished
3610000.0,4821,2,2,2,yes,yes,no,yes,yes,0,no,unfurnished
4993000.0,10748,3,1,2,no,yes,yes,yes,yes,0,no,semi-furnished
6974000.0,6054,4,2,2,no,no,no,no,yes,1,yes,furnished
7696000.0,8211,2,1,1,no,yes,yes,no,yes,2,yes,furnished
2777000.0,3330,3,1,2,yes,no,no,yes,yes,1,yes,furnished
3203000.0,2124,2,2,3,no,yes,no,yes,yes,0,yes,unfurnished
2462000.0,5728,3,1,1,no,no,no,yes,yes,2,no,semi-furnished
5564000.0,5379,2,2,5,no,yes,no,no,yes,0,no,unfurnished
3677000.0,3849,3,1,2,yes,yes,yes,no,yes,1,yes,semi-furnished
4135000.0,3180,4,1,2,no,yes,no,no,no,1,no,semi-furnished
3593000.0,5934,3,1,1,no,yes,no,no,no,0,no,furnished
6470000.0,6170,2,1,4,yes,yes,no,yes,yes,0,no,unfurnished
3794000.0,8947,3,2,2,yes,yes,no,no,yes,1,yes,semi-furnished
6540000.0,6195,4,1,1,no,no,yes,yes,no,2,no,unfurnished
3138000.0,5299,3,1,2,no,no,no,yes,no,1,yes,semi-furnished
4768000.0,3983,4,1,1,no,no,no,no,no,0,no,unfurnished
5705000.0,6178,2,2,2,yes,yes,no,yes,no,2,no,unfurnished
2961000.0,4206,2,1,1,no,yes,yes,no,no,1,yes,unfurnished
4097000.0,2976,3,2,2,no,yes,yes,yes,no,0,no,unfurnished
5310000.0,6664,1,2,2,no,no,yes,no,no,2,no,unfurnished
5063000.0,7486,5,2,3,yes,yes,yes,no,yes,3,yes,semi-furnished
4641000.0,5978,2,1,2,yes,yes,yes,yes,no,0,yes,semi-furnished
3151000.0,4128,5,1,3,yes,yes,yes,yes,no,0,no,furnished
3602000.0,4089,4,1,3,no,no,yes,no,yes,0,yes,semi-furnished
3277000.0,4732,3,1,3,no,no,no,no,no,0,yes,unfurnished
3577000.0,3874,2,2,1,no,yes,yes,yes,yes,0,no,furnished
3562000.0,3979,5,2,3,yes,no,no,yes,yes,1,no,furnished
6694000.0,6841,4,2,5,yes,yes,no,no,no,2,yes,furnished
4547000.0,4169,4,1,2,yes,no,yes,yes,yes,1,no,semi-furnished
6422000.0,6782,3,2,1,yes,no,no,no,yes,0,yes,furnished
3119000.0,3249,1,2,1,no,no,yes,yes,no,0,no,semi-furnished
2302000.0,3026,1,1,1,yes,no,no,no,no,1,no,semi-furnished
3348000.0,3136,2,2,2,no,yes,no,no,no,3,yes,furnished
5017000.0,3904,2,1,3,no,yes,yes,no,no,2,yes,unfurnished
4564000.0,4465,3,2,1,yes,yes,no,no,no,1,no,unfurnished
3564000.0,7876,2,1,2,no,no,yes,no,no,2,no,semi-furnished
3862000.0,3417,2,2,3,no,yes,yes,yes,no,2,yes,furnished
4879000.0,3344,2,1,3,yes,yes,yes,no,no,1,yes,semi-furnished
5078000.0,3543,2,1,3,no,yes,yes,yes,yes,3,yes,semi-furnished
3813000.0,3423,3,1,3,yes,yes,yes,yes,no,0,yes,furnished
3216000.0,3444,2,1,1,no,yes,no,no,no,1,yes,furnished
5409000.0,5118,3,2,3,yes,no,yes,yes,no,0,yes,unfurnished
4650000.0,4912,1,2,2,yes,no,yes,no,yes,0,yes,unfurnished
9140000.0,17604,6,4,1,no,yes,yes,yes,yes,1,no,semi-furnished
6453000.0,11137,3,1,2,no,no,no,yes,no,2,no,semi-furnished
3198000.0,1957,2,1,2,no,no,no,yes,no,0,no,furnished
2467000.0,2531,2,2,1,no,yes,yes,no,no,0,no,semi-furnished
4331000.0,3696,3,3,3,no,yes,no,yes,yes,0,no,unfurnished
6229000.0,5571,3,1,3,yes,yes,no,no,no,1,no,semi-furnished
4373000.0,4732,3,2,1,no,no,no,yes,yes,1,no,semi-furnished
3944000.0,6753,2,1,3,no,yes,no,yes,yes,1,yes,semi-furnished
3672000.0,6298,3,1,2,yes,no,no,yes,no,1,yes,semi-furnished
2814000.0,3288,2,1,1,no,yes,yes,yes,no,0,no,furnished
5552000.0,4640,4,1,3,no,no,yes,yes,yes,0,no,furnished
5334000.0,7585,4,1,1,no,yes,yes,yes,yes,0,yes,furnished
10435000.0,8533,5,3,3,no,yes,yes,no,yes,2,yes,semi-furnished
4611000.0,4243,1,2,2,no,no,no,no,no,0,yes,semi-furnished
2914000.0,4024,3,1,1,no,yes,no,yes,yes,0,no,furnished
3820000.0,4564,4,1,1,no,yes,no,no,no,0,yes,furnished
6518000.0,6160,4,2,2,no,yes,no,yes,no,1,no,furnished
3378000.0,4236,1,1,2,yes,yes,no,no,no,0,yes,semi-furnished
5326000.0,5266,5,2,3,yes,no,yes,yes,no,0,no,furnished
5112000.0,3827,3,1,1,no,yes,yes,yes,no,0,yes,furnished
4010000.0,2270,4,3,2,yes,no,no,yes,yes,1,no,semi-furnished
4448000.0,6654,3,1,5,no,no,no,no,yes,0,yes,unfurnished
2958000.0,7964,3,1,1,yes,yes,no,no,yes,0,no,unfurnished
10974000.0,7422,4,1,2,no,yes,yes,yes,yes,3,yes,unfurnished
3729000.0,3541,3,2,1,no,yes,yes,no,no,1,yes,semi-furnished
3320000.0,3666,3,1,3,yes,no,yes,no,no,0,yes,furnished
2853000.0,4168,3,1,1,no,no,no,yes,yes,0,yes,semi-furnished
3101000.0,3958,2,1,3,yes,yes,no,no,yes,1,yes,unfurnished
5391000.0,3198,3,1,3,no,yes,yes,yes,no,0,yes,semi-furnished
6781000.0,4994,3,2,2,no,no,yes,no,yes,2,yes,semi-furnished
5649000.0,6039,3,2,1,no,no,no,yes,no,1,no,semi-furnished
2172000.0,3279,1,2,1,yes,no,yes,yes,no,3,yes,semi-furnished
6668000.0,3482,5,2,3,yes,no,yes,yes,yes,1,no,furnished
9647000.0,5958,4,3,5,no,no,yes,yes,no,0,no,furnished
3315000.0,3579,2,2,1,yes,yes,no,yes,no,1,yes,unfurnished
7131000.0,6322,3,1,1,yes,no,yes,yes,no,2,yes,semi-furnished
2151000.0,2982,5,1,1,no,no,no,no,no,0,no,furnished
4549000.0,5264,3,1,3,no,yes,yes,yes,no,1,yes,semi-furnished
4330000.0,3382,4,2,3,no,no,yes,yes,no,1,no,furnished
4994000.0,5955,2,1,1,no,no,yes,yes,no,2,no,unfurnished
3405000.0,3123,1,1,2,no,yes,no,yes,no,0,yes,unfurnished
3770000.0,6134,4,2,1,no,yes,yes,yes,yes,1,no,semi-furnished
9971000.0,8061,4,1,2,no,no,no,yes,yes,1,yes,unfurnished
5552000.0,4493,4,2,1,no,yes,no,no,yes,1,yes,semi-furnished
11987000.0,8872,4,3,4,yes,yes,no,yes,no,4,yes,furnished
9895000.0,6042,4,3,2,no,yes,no,no,no,3,yes,furnished
2874000.0,2116,2,2,2,yes,no,yes,yes,yes,0,no,unfurnished
2873000.0,2548,3,2,1,no,yes,no,no,no,2,yes,furnished
6227000.0,5609,4,1,2,no,yes,no,yes,yes,2,no,furnished
7820000.0,5432,4,3,3,yes,no,no,no,yes,0,no,furnished
7393000.0,8621,6,1,3,no,yes,no,no,yes,1,no,unfurnished
2831000.0,3758,4,2,3,yes,yes,no,yes,no,1,no,furnished
3542000.0,3980,4,1,3,no,no,no,no,yes,1,no,furnished
3468000.0,2460,1,1,1,yes,no,yes,yes,yes,2,no,furnished
9490000.0,4741,5,3,2,no,no,no,no,no,2,no,unfurnished
3497000.0,3638,4,1,3,no,no,no,no,yes,0,yes,furnished
1642000.0,3936,4,1,1,no,yes,yes,no,yes,0,no,semi-furnished
5956000.0,6339,3,2,1,yes,no,yes,no,no,0,yes,unfurnished
3568000.0,4934,2,1,1,no,yes,no,yes,yes,3,yes,semi-furnished
3560000.0,2996,4,2,2,no,no,yes,no,no,1,no,semi-furnished
6171000.0,15054,2,1,1,yes,yes,no,yes,no,3,no,unfurnished
3320000.0,4750,5,1,2,no,no,no,no,no,1,yes,semi-furnished
7420000.0,9245,2,1,2,no,yes,no,yes,no,2,no,unfurnished
6179000.0,6240,2,2,2,yes,no,no,yes,yes,1,yes,unfurnished
4351000.0,10298,4,2,3,no,no,yes,no,no,2,yes,unfurnished
4379000.0,6528,1,1,2,no,yes,yes,yes,yes,1,yes,furnished
6722000.0,6863,3,2,2,yes,yes,yes,yes,yes,3,no,unfurnished
5665000.0,4088,5,1,2,yes,no,yes,no,no,2,no,semi-furnished
6849000.0,5867,5,1,1,yes,no,yes,no,yes,0,yes,unfurnished
3885000.0,3792,3,2,1,yes,no,yes,no,yes,0,no,unfurnished
3563000.0,2077,2,1,2,yes,no,no,no,yes,1,yes,furnished
2680000.0,3891,4,1,1,yes,no,yes,no,no,0,yes,furnished
3712000.0,4149,3,1,3,yes,no,no,no,no,1,no,unfurnished
3631000.0,3062,4,1,2,yes,no,no,no,no,1,yes,semi-furnished
3169000.0,3993,2,1,1,yes,no,yes,no,yes,1,no,semi-furnished
11953000.0,14723,5,3,2,no,no,yes,yes,no,0,yes,unfurnished
3830000.0,2673,2,1,1,yes,yes,no,yes,no,1,no,furnished
8642000.0,8595,3,1,4,no,no,no,yes,yes,3,yes,unfurnished
3072000.0,9853,4,1,3,no,no,no,yes,no,3,no,furnished
3605000.0,4850,5,2,1,no,no,yes,yes,yes,0,yes,furnished
5784000.0,11504,3,2,1,no,no,yes,yes,yes,1,yes,furnished
3721000.0,3557,3,1,1,no,no,yes,no,no,0,yes,furnished
5007000.0,4538,5,1,2,no,yes,yes,yes,no,0,no,furnished
3834000.0,3940,1,3,1,no,no,yes,yes,yes,0,no,unfurnished
6893000.0,5351,4,1,2,yes,no,yes,no,yes,2,yes,unfurnished
5040000.0,5558,2,3,1,no,yes,no,yes,no,2,yes,unfurnished
4030000.0,5019,4,2,3,yes,yes,no,yes,no,0,yes,unfurnished
4196000.0,7723,1,2,1,yes,yes,no,yes,yes,2,yes,unfurnished
4440000.0,3786,4,3,2,yes,yes,no,yes,yes,2,yes,furnished
3759000.0,3864,2,1,1,yes,no,no,yes,yes,2,yes,semi-furnished
2192000.0,3726,4,1,2,no,no,no,no,no,0,yes,semi-furnished
4613000.0,4326,3,1,1,no,no,yes,yes,yes,1,no,furnished
4848000.0,3518,2,1,3,no,yes,no,no,no,0,no,furnished
3994000.0,7047,3,1,2,no,no,no,no,yes,0,yes,unfurnished
5391000.0,5261,2,1,3,yes,yes,yes,no,yes,1,no,semi-furnished
6898000.0,5759,4,2,4,yes,yes,yes,no,no,1,no,furnished
5320000.0,4529,3,1,1,no,no,yes,yes,no,1,yes,semi-furnished
5675000.0,4387,5,2,1,no,yes,yes,yes,no,2,no,semi-furnished
1613000.0,3274,3,1,1,yes,no,yes,yes,yes,2,yes,semi-furnished
4650000.0,2992,2,2,3,yes,yes,no,yes,yes,0,no,unfurnished
4180000.0,3906,2,1,1,no,yes,no,no,yes,0,no,unfurnished
3686000.0,6906,4,2,1,yes,no,no,yes,no,0,yes,semi-furnished
4498000.0,4537,2,1,1,yes,no,no,yes,no,0,yes,unfurnished
5612000.0,5909,3,2,4,no,no,no,no,no,0,no,furnished
5263000.0,4282,5,1,1,yes,yes,no,yes,no,1,yes,unfurnished
3490000.0,4325,5,1,3,yes,no,yes,no,yes,3,no,unfurnished
6077000.0,5209,2,3,2,yes,yes,no,no,no,2,no,unfurnished
3127000.0,7311,1,1,2,yes,yes,yes,no,yes,0,no,unfurnished
6079000.0,6400,4,2,1,no,no,yes,yes,no,0,no,furnished
5369000.0,4126,4,1,1,no,no,no,no,no,2,no,furnished
3652000.0,4358,4,1,2,no,yes,no,no,yes,0,no,unfurnished
2345000.0,2702,3,1,1,yes,no,no,no,yes,1,yes,unfurnished
4053000.0,3827,3,2,2,no,yes,no,no,no,0,yes,unfurnished
3155000.0,5777,4,1,3,yes,yes,no,no,no,1,no,semi-furnished
3171000.0,4321,4,2,2,no,no,no,no,yes,1,yes,semi-furnished
6241000.0,4973,3,2,1,yes,no,no,yes,yes,0,no,unfurnished
5169000.0,5513,3,1,1,yes,yes,yes,yes,yes,2,no,semi-furnished
7069000.0,6244,3,2,3,yes,yes,no,no,yes,0,yes,furnished
3247000.0,3051,2,2,1,yes,yes,yes,no,no,0,no,semi-furnished
3722000.0,4711,4,1,2,no,no,no,yes,no,0,yes,semi-furnished
4691000.0,3789,3,1,3,no,no,yes,yes,no,0,yes,unfurnished
5336000.0,3802,2,1,2,yes,no,yes,yes,no,2,yes,semi-furnished
4074000.0,2675,3,1,1,yes,yes,no,no,no,0,yes,semi-furnished
1974000.0,1687,3,1,2,no,no,yes,yes,yes,0,yes,semi-furnished
4469000.0,5574,2,2,1,no,no,yes,no,no,0,yes,unfurnished
4716000.0,4261,4,3,2,no,no,yes,no,yes,1,yes,semi-furnished
4702000.0,4831,2,2,1,yes,no,no,yes,yes,1,no,unfurnished
2856000.0,5455,2,2,2,yes,no,yes,no,no,1,yes,semi-furnished
1982000.0,3636,2,1,3,no,yes,yes,yes,yes,0,no,unfurnished
3708000.0,4377,3,2,1,yes,yes,yes,yes,no,1,yes,semi-furnished
3098000.0,2428,2,2,1,no,no,no,yes,yes,0,yes,unfurnished
6140000.0,5950,3,1,2,no,no,yes,no,no,0,yes,unfurnished
2831000.0,3040,2,2,3,yes,no,no,no,yes,0,yes,furnished
5428000.0,4749,3,1,4,yes,yes,no,yes,yes,0,no,unfurnished
6089000.0,4905,5,1,3,no,no,yes,no,no,1,yes,unfurnished
4846000.0,3661,3,1,2,no,no,no,no,yes,0,yes,furnished
3004000.0,2905,4,1,2,yes,no,yes,yes,no,0,no,furnished
2571000.0,3269,4,1,1,yes,yes,yes,yes,yes,2,no,semi-furnished
1960000.0,3539,6,1,2,no,yes,yes,yes,no,0,yes,unfurnished
6382000.0,5474,5,1,1,no,no,no,yes,no,1,yes,semi-furnished
2825000.0,6321,4,2,3,yes,no,no,no,no,0,yes,semi-furnished
6566000.0,12062,5,1,1,no,no,yes,yes,yes,2,yes,unfurnished
6283000.0,8524,2,3,2,no,yes,no,yes,no,1,no,furnished
3127000.0,2588,3,2,1,yes,no,no,yes,no,1,yes,semi-furnished
7335000.0,4011,2,1,3,no,no,yes,no,no,2,yes,unfurnished
3736000.0,3599,2,1,1,yes,yes,yes,yes,yes,1,no,semi-furnished
2471000.0,3517,1,1,2,yes,yes,yes,no,yes,0,yes,unfurnished
11423000.0,10652,2,1,3,yes,yes,yes,yes,no,1,yes,furnished
4792000.0,7414,2,1,2,no,no,yes,yes,no,2,no,unfurnished
7589000.0,6831,3,2,2,no,yes,yes,yes,yes,3,yes,furnished
4702000.0,6993,4,1,1,no,no,yes,no,no,1,no,semi-furnished
3318000.0,2938,3,2,1,yes,no,no,yes,yes,0,no,unfurnished
8011000.0,6316,3,1,1,no,yes,no,no,no,2,yes,semi-furnished
11373000.0,5556,5,2,3,no,yes,no,no,no,2,yes,semi-furnished
3226000.0,3187,4,1,3,no,yes,no,no,no,1,yes,semi-furnished
4836000.0,4686,1,1,1,yes,yes,no,no,no,1,yes,semi-furnished
5073000.0,6025,4,2,1,yes,no,yes,yes,yes,0,no,semi-furnished
6761000.0,6077,4,1,3,no,yes,yes,yes,yes,1,no,unfurnished
4109000.0,3966,2,1,2,no,yes,yes,yes,yes,0,yes,unfurnished
3133000.0,2607,1,1,1,no,yes,yes,yes,no,1,no,unfurnished
4438000.0,7561,4,1,3,no,yes,no,no,yes,1,yes,unfurnished
5858000.0,5404,4,2,1,yes,no,yes,no,yes,1,yes,unfurnished
3507000.0,3568,2,2,3,yes,no,yes,no,yes,0,no,semi-furnished
5206000.0,6655,4,1,2,no,no,no,yes,yes,0,no,semi-furnished
3536000.0,3144,3,1,3,no,no,no,yes,yes,0,no,unfurnished
5755000.0,4489,3,1,2,no,yes,yes,yes,no,2,yes,unfurnished
7507000.0,6046,3,1,1,no,no,yes,yes,yes,0,no,unfurnished
4767000.0,3957,3,2,1,no,yes,no,no,yes,1,yes,semi-furnished
2988000.0,3242,2,1,2,yes,no,yes,yes,yes,1,no,semi-furnished
6360000.0,7574,2,1,2,no,no,no,no,no,1,no,furnished
4591000.0,6286,3,3,3,no,yes,yes,yes,yes,1,yes,unfurnished
3819000.0,6586,2,1,3,yes,yes,no,no,yes,2,yes,semi-furnished
4269000.0,4339,4,1,1,no,no,no,no,no,0,no,semi-furnished
4330000.0,5908,4,2,1,no,no,no,no,yes,1,yes,unfurnished
3968000.0,2991,3,1,2,yes,yes,yes,no,yes,0,yes,semi-furnished
6720000.0,5878,2,1,4,no,no,no,yes,no,1,yes,semi-furnished
4426000.0,5007,2,1,2,no,yes,no,no,yes,2,no,furnished
2014000.0,3575,2,1,1,yes,yes,no,yes,yes,2,no,unfurnished
5432000.0,11075,4,2,2,yes,no,no,yes,no,0,no,semi-furnished
3088000.0,3672,2,2,1,yes,no,no,no,no,0,yes,furnished
3874000.0,5992,2,1,3,no,yes,yes,yes,yes,0,yes,unfurnished
2804000.0,2839,4,1,3,no,yes,yes,no,no,0,yes,furnished
5041000.0,6322,2,2,3,yes,yes,yes,no,yes,0,no,unfurnished
5778000.0,5006,5,1,3,no,no,no,no,no,1,no,furnished
3340000.0,2944,2,1,1,no,yes,no,no,no,1,no,semi-furnished
2676000.0,2616,3,1,1,yes,no,yes,yes,yes,0,yes,semi-furnished
2953000.0,6770,4,2,2,yes,yes,no,no,yes,0,yes,unfurnished
4875000.0,3659,3,2,1,yes,no,yes,no,no,0,yes,furnished
3749000.0,2155,3,3,3,no,yes,yes,yes,no,1,yes,unfurnished
3605000.0,6067,1,1,1,no,yes,no,yes,no,1,yes,unfurnished
5866000.0,4828,3,1,2,yes,no,yes,yes,yes,0,no,unfurnished
6605000.0,7063,2,1,1,yes,yes,no,no,yes,0,no,unfurnished
3843000.0,3602,1,2,2,yes,no,yes,no,no,1,yes,furnished
9890000.0,6510,3,1,3,no,no,no,yes,yes,0,no,unfurnished
2930000.0,6314,3,1,3,no,no,yes,yes,yes,1,no,unfurnished
7662000.0,6446,4,3,2,yes,yes,yes,no,no,1,no,semi-furnished
3843000.0,4980,3,2,3,yes,no,no,yes,no,0,no,unfurnished
4421000.0,5457,2,1,3,no,yes,no,no,yes,0,no,unfurnished
8914000.0,7515,2,1,4,yes,no,yes,yes,no,2,yes,unfurnished
6170000.0,6666,5,1,3,yes,no,no,yes,yes,0,yes,semi-furnished
9594000.0,6280,4,2,4,yes,no,no,no,yes,1,yes,furnished
3566000.0,4782,3,1,1,no,no,no,yes,yes,0,yes,unfurnished
6501000.0,5382,4,1,1,yes,yes,no,no,yes,1,yes,unfurnished
4026000.0,2137,5,2,2,no,yes,no,no,no,1,yes,furnished
5940000.0,7871,5,3,2,no,no,no,yes,no,1,yes,semi-furnished
2484000.0,3602,3,1,1,no,yes,no,yes,no,0,yes,unfurnished
6474000.0,11746,3,2,2,yes,yes,yes,no,yes,1,no,semi-furnished
3595000.0,5626,1,1,1,yes,no,yes,no,yes,2,yes,furnished
4752000.0,5313,2,2,3,no,no,yes,yes,yes,0,yes,unfurnished
13642000.0,8359,3,3,3,no,no,yes,no,no,3,no,furnished
3060000.0,4452,1,1,2,yes,yes,no,no,no,1,no,unfurnished
4569000.0,4636,2,1,1,yes,no,no,no,yes,3,yes,furnished
9992000.0,5334,4,2,3,no,no,no,no,no,0,no,unfurnished
4192000.0,5575,4,2,2,yes,yes,yes,no,no,2,no,unfurnished
5416000.0,5883,3,1,1,yes,yes,yes,yes,yes,1,yes,furnished
2680000.0,4387,2,1,1,yes,no,no,no,yes,0,no,furnished
6573000.0,6651,1,1,5,yes,no,yes,no,no,0,no,unfurnished
4042000.0,4881,2,1,1,no,yes,no,yes,no,0,no,unfurnished
5617000.0,5846,4,1,1,no,yes,no,no,yes,1,no,semi-furnished
5090000.0,6911,2,2,2,no,yes,yes,no,yes,0,no,unfurnished
5967000.0,6965,3,1,1,no,no,yes,yes,no,0,no,semi-furnished
5819000.0,3359,4,2,3,no,yes,no,no,no,2,yes,furnished
4803000.0,9960,2,1,2,yes,no,no,yes,yes,1,no,unfurnished
3894000.0,2868,2,1,1,yes,no,no,no,no,1,yes,semi-furnished
3838000.0,3381,1,1,1,yes,no,yes,no,no,1,no,unfurnished
3746000.0,3799,2,1,1,yes,yes,no,no,yes,0,yes,unfurnished
9258000.0,5573,3,2,3,yes,yes,yes,no,yes,0,yes,unfurnished
2950000.0,3913,2,4,1,no,yes,yes,yes,no,1,yes,furnished
4169000.0,2274,3,2,3,yes,no,yes,yes,yes,1,yes,semi-furnished
6959000.0,7159,3,2,1,yes,no,yes,no,no,1,no,unfurnished
4794000.0,6054,4,2,1,no,no,yes,yes,yes,1,yes,unfurnished
5385000.0,6210,3,1,1,yes,yes,no,yes,no,1,yes,unfurnished
4459000.0,4099,4,1,1,yes,yes,yes,no,yes,1,yes,semi-furnished
3804000.0,2559,2,2,2,no,no,yes,no,no,0,no,furnished
4175000.0,4753,2,1,2,no,yes,no,no,no,1,no,furnished
6093000.0,6909,4,3,1,yes,no,no,no,no,0,no,unfurnished
4894000.0,6192,2,1,1,yes,no,yes,yes,no,2,yes,unfurnished
3407000.0,3994,3,1,1,yes,yes,yes,no,no,0,no,semi-furnished
4962000.0,2131,4,2,3,yes,yes,yes,yes,yes,1,yes,furnished
4508000.0,2737,2,1,2,no,no,no,yes,yes,0,no,unfurnished
3858000.0,6340,3,1,2,yes,no,no,yes,no,2,no,unfurnished
4062000.0,3199,2,1,3,yes,no,yes,no,yes,0,no,semi-furnished
2190000.0,3090,1,1,2,yes,no,no,yes,no,0,yes,furnished
6045000.0,5541,4,1,2,yes,yes,no,no,yes,2,no,furnished
2407000.0,3122,2,2,2,no,no,no,no,no,1,yes,furnished
3487000.0,2987,3,1,1,yes,yes,no,no,no,0,no,unfurnished
6128000.0,5861,4,1,3,yes,yes,yes,yes,no,0,yes,semi-furnished
9075000.0,6594,3,3,1,no,no,yes,yes,yes,2,no,unfurnished
5256000.0,8005,3,2,4,no,no,no,no,no,3,no,unfurnished
6250000.0,4416,4,3,4,no,no,yes,no,no,0,no,semi-furnished
3008000.0,3799,2,2,1,yes,yes,yes,yes,yes,0,yes,unfurnished
2623000.0,3056,3,2,1,no,yes,no,no,no,0,no,unfurnished
6749000.0,5735,2,2,5,yes,no,no,yes,yes,0,no,unfurnished
4134000.0,3445,3,1,1,no,yes,yes,yes,no,1,yes,unfurnished
2540000.0,6002,4,2,2,no,yes,no,no,no,1,yes,unfurnished
5407000.0,4902,3,2,2,yes,yes,no,no,no,1,yes,semi-furnished
4822000.0,4527,2,2,1,yes,yes,yes,no,yes,0,no,semi-furnished
5759000.0,4706,5,1,2,no,yes,no,yes,no,2,no,unfurnished
3274000.0,5049,4,2,3,no,yes,yes,no,no,0,no,furnished
5798000.0,4525,1,1,1,no,yes,no,no,no,0,no,furnished
5243000.0,3950,4,2,2,no,yes,yes,yes,yes,1,no,furnished
6457000.0,10203,2,3,1,yes,yes,yes,yes,yes,0,yes,furnished
4064000.0,4990,3,1,2,yes,no,no,no,no,1,no,furnished
4806000.0,6075,1,1,1,no,yes,yes,no,yes,0,no,semi-furnished
4769000.0,4731,2,2,1,no,no,no,yes,no,1,no,unfurnished
7982000.0,6762,3,2,3,no,yes,no,yes,no,3,yes,furnished
6173000.0,7277,3,1,1,no,no,yes,yes,yes,1,no,unfurnished
3326000.0,5946,2,1,1,no,yes,no,no,yes,2,no,semi-furnished
6669000.0,4967,4,3,3,no,yes,yes,no,no,0,no,semi-furnished
6409000.0,5686,5,1,4,no,yes,no,no,no,1,yes,furnished
4462000.0,3092,2,3,1,yes,no,no,no,no,0,yes,furnished
3018000.0,4263,4,1,2,yes,yes,yes,yes,no,0,no,semi-furnished
4106000.0,3020,4,2,3,no,yes,yes,no,no,0,no,unfurnished
5399000.0,5454,2,2,3,yes,no,yes,yes,no,0,yes,unfurnished
5638000.0,4892,5,3,1,no,yes,yes,yes,yes,2,no,furnished
3476000.0,5663,4,2,2,no,yes,yes,yes,no,0,no,unfurnished
12641000.0,7602,3,1,1,yes,no,no,yes,yes,4,yes,furnished
6670000.0,5313,4,1,2,no,yes,yes,yes,no,0,no,unfurnished
4285000.0,7404,4,1,1,yes,no,no,no,yes,1,yes,furnished
3588000.0,3466,4,1,1,yes,yes,no,no,no,1,yes,unfurnished
5735000.0,9036,5,3,1,yes,yes,yes,yes,no,3,no,semi-furnished
2814000.0,2868,5,2,3,no,yes,yes,yes,no,0,no,furnished
4523000.0,10055,2,2,1,yes,no,yes,yes,no,2,no,semi-furnished
7185000.0,4994,2,2,5,yes,yes,no,yes,yes,1,no,unfurnished
4401000.0,3787,3,1,2,no,no,no,no,yes,0,no,semi-furnished
4376000.0,2566,5,2,2,yes,no,yes,yes,no,1,yes,unfurnished
3801000.0,5871,4,2,1,yes,no,yes,no,no,1,no,furnished
4483000.0,5506,2,1,2,yes,yes,no,yes,no,1,yes,unfurnished
5398000.0,9249,3,2,2,yes,no,no,yes,no,0,no,furnished
4896000.0,5218,3,1,3,no,no,no,no,yes,0,no,furnished
2946000.0,3431,1,2,1,yes,no,no,no,yes,0,no,unfurnished
5942000.0,3729,3,2,1,yes,yes,yes,no,no,1,no,unfurnished
2964000.0,4056,2,2,1,no,no,yes,no,yes,0,no,semi-furnished
4495000.0,5106,5,1,1,yes,no,no,no,no,0,no,semi-furnished
4114000.0,2082,3,2,2,yes,no,yes,no,no,0,no,furnished
3972000.0,4417,5,2,3,yes,no,yes,no,yes,2,yes,semi-furnished
5735000.0,5138,4,1,4,yes,no,no,no,yes,0,yes,semi-furnished
3636000.0,4965,3,1,3,no,yes,no,no,no,2,no,furnished
2448000.0,3344,1,1,1,no,no,yes,yes,no,1,no,semi-furnished
1908000.0,3631,3,1,1,yes,no,yes,yes,yes,2,no,semi-furnished
9870000.0,4386,2,1,1,yes,yes,yes,yes,no,0,yes,furnished
4285000.0,3666,3,1,1,yes,no,no,yes,yes,3,yes,unfurnished
4695000.0,4817,1,1,1,yes,no,no,yes,no,3,yes,unfurnished
2414000.0,2446,1,1,1,no,yes,no,yes,no,2,yes,semi-furnished
5736000.0,6918,4,1,2,yes,no,no,yes,yes,1,no,unfurnished
2769000.0,3745,1,1,2,yes,yes,no,yes,yes,1,yes,unfurnished
5948000.0,6686,3,3,3,no,no,yes,no,no,0,yes,unfurnished
2429000.0,3525,3,2,2,no,yes,no,yes,yes,2,yes,furnished
3011000.0,3972,5,1,2,yes,yes,no,yes,no,0,no,furnished
5091000.0,5600,4,1,1,yes,no,no,no,yes,0,yes,furnished
7236000.0,3932,4,2,2,no,no,no,no,no,0,yes,unfurnished
3924000.0,3582,3,1,2,yes,no,yes,yes,no,1,no,semi-furnished
2170000.0,2391,4,2,2,yes,yes,yes,no,no,0,no,furnished
3031000.0,3377,3,2,1,no,yes,no,yes,yes,2,yes,semi-furnished
6091000.0,5440,2,1,2,yes,yes,no,yes,yes,0,no,unfurnished
5907000.0,4091,2,1,5,no,yes,no,yes,yes,0,no,semi-furnished
5099000.0,7924,4,1,1,no,yes,no,yes,yes,1,no,semi-furnished
4334000.0,4989,2,1,2,yes,yes,yes,yes,yes,1,yes,semi-furnished
5409000.0,3518,3,1,1,no,yes,no,yes,no,1,yes,semi-furnished
4532000.0,2644,3,1,3,no,yes,no,no,no,0,yes,semi-furnished
5600000.0,4292,3,1,3,no,yes,no,no,no,1,no,semi-furnished
6375000.0,5215,3,1,3,yes,yes,yes,no,yes,0,yes,furnished
5286000.0,3841,2,2,3,no,no,no,no,no,3,yes,unfurnished
7900000.0,5450,3,2,2,no,yes,yes,yes,no,2,no,unfurnished
2687000.0,2326,3,1,1,yes,no,yes,no,yes,0,yes,unfurnished
2619000.0,3287,2,1,1,yes,yes,yes,yes,no,2,yes,furnished
4307000.0,4814,4,1,1,no,no,yes,no,no,0,no,semi-furnished
2870000.0,2975,4,2,2,yes,no,yes,yes,yes,0,no,furnished
2854000.0,4033,3,2,1,yes,yes,yes,no,yes,1,yes,unfurnished
5479000.0,5549,2,2,1,no,no,no,no,yes,0,yes,semi-furnished
5927000.0,3363,4,1,1,no,yes,yes,yes,no,2,no,unfurnished
2616000.0,3373,3,1,2,yes,no,yes,yes,yes,1,yes,semi-furnished
3272000.0,4013,1,1,1,no,no,no,yes,yes,0,yes,unfurnished
6617000.0,5086,4,2,3,yes,no,yes,no,no,2,yes,unfurnished
4081000.0,3629,3,1,1,yes,yes,yes,no,no,0,no,semi-furnished
6889000.0,8164,3,3,4,yes,no,no,no,yes,0,yes,unfurnished
3350000.0,4422,3,1,2,yes,yes,no,no,yes,0,yes,semi-furnished
7095000.0,8717,6,3,3,no,yes,yes,yes,yes,2,no,unfurnished
4016000.0,4397,3,2,1,no,yes,yes,yes,no,1,no,unfurnished
4578000.0,7253,2,1,1,no,no,yes,yes,yes,1,no,semi-furnished
7050000.0,6122,4,2,3,no,yes,yes,yes,yes,0,no,unfurnished
6404000.0,6958,2,3,3,yes,yes,yes,no,no,0,no,furnished
3523000.0,3588,4,2,2,no,yes,yes,yes,no,0,no,furnished
10704000.0,6293,5,1,2,yes,no,yes,yes,yes,3,yes,furnished
4290000.0,2076,2,1,3,yes,yes,yes,yes,yes,0,yes,furnished
3852000.0,2791,3,2,1,no,yes,no,no,no,0,yes,semi-furnished
4651000.0,8291,5,1,5,no,no,no,no,no,3,no,furnished
3973000.0,2019,4,1,2,no,yes,no,yes,yes,0,yes,furnished
3815000.0,6333,3,1,1,yes,yes,yes,no,yes,0,no,semi-furnished
6207000.0,5904,4,3,1,no,yes,no,no,no,1,yes,unfurnished
5510000.0,8205,3,1,1,no,no,no,no,no,1,no,semi-furnished
6681000.0,3020,3,1,2,yes,yes,no,no,yes,0,yes,semi-furnished
7424000.0,5965,2,1,2,no,yes,no,no,yes,0,yes,unfurnished
7037000.0,6214,4,1,1,no,no,no,yes,no,0,no,semi-furnished
2830000.0,2702,4,1,3,no,no,no,yes,no,0,no,furnished
3625000.0,4206,2,2,3,no,yes,no,yes,no,2,no,furnished
5491000.0,5798,4,2,3,no,no,no,yes,no,0,no,furnished
4450000.0,4952,1,1,1,yes,no,no,yes,no,0,yes,unfurnished
4459000.0,4482,3,1,2,yes,no,no,yes,no,0,no,semi-furnished
3150000.0,3709,3,1,2,yes,no,yes,no,yes,2,yes,unfurnished
3058000.0,7785,2,2,1,yes,no,yes,no,no,1,yes,unfurnished
4722000.0,3442,4,1,1,yes,no,yes,yes,no,0,yes,semi-furnished
2597000.0,2844,2,2,2,no,yes,yes,no,no,0,no,furnished
1982000.0,2940,4,2,1,yes,yes,no,yes,yes,0,no,unfurnished
5008000.0,9453,4,2,1,no,no,no,yes,yes,0,no,semi-furnished
6461000.0,6539,3,2,2,no,yes,no,no,yes,1,yes,semi-furnished
2664000.0,5583,3,1,1,no,yes,no,no,no,0,yes,unfurnished
4235000.0,4359,2,1,3,no,yes,yes,yes,yes,0,yes,semi-furnished
3762000.0,3328,3,2,1,yes,no,no,no,yes,1,yes,semi-furnished
4808000.0,7988,5,1,2,yes,no,yes,no,yes,0,no,furnished
3082000.0,2542,4,2,1,yes,no,yes,no,yes,1,yes,semi-furnished
3433000.0,3114,4,1,3,no,no,no,no,yes,0,no,unfurnished
2744000.0,4901,2,1,2,yes,yes,no,no,no,0,no,semi-furnished
4281000.0,3338,4,1,1,yes,yes,yes,no,yes,2,no,unfurnished
4390000.0,10068,4,1,3,yes,no,no,no,yes,1,no,unfurnished
4336000.0,4033,2,1,1,yes,no,yes,yes,yes,0,yes,unfurnished
4486000.0,10313,2,2,1,yes,no,yes,no,no,2,yes,semi-furnished
5700000.0,3583,4,1,2,no,no,no,yes,yes,0,no,unfurnished
5523000.0,8928,3,2,1,no,no,no,yes,no,1,yes,furnished
5712000.0,4583,4,2,1,no,no,no,no,yes,0,no,semi-furnished
3469000.0,3972,2,2,3,yes,yes,yes,no,yes,1,yes,semi-furnished
5942000.0,6603,3,2,1,yes,no,no,yes,no,1,yes,furnished
9453000.0,6208,5,2,1,yes,no,no,no,no,3,yes,furnished
8797000.0,11527,4,1,2,no,yes,yes,no,no,1,no,semi-furnished
1935000.0,3208,2,1,1,yes,yes,no,yes,yes,1,yes,unfurnished
4862000.0,5500,2,3,1,yes,yes,yes,yes,no,0,no,semi-furnished
4731000.0,4012,3,3,2,no,no,yes,no,yes,0,yes,furnished
5685000.0,3057,3,1,3,yes,no,yes,yes,yes,0,no,unfurnished
9170000.0,6087,2,2,3,yes,yes,no,no,no,2,no,semi-furnished
7421000.0,5563,2,2,1,no,yes,no,no,no,2,no,furnished
6523000.0,3896,2,2,1,yes,no,yes,no,yes,2,yes,furnished
2847000.0,4299,3,2,1,yes,no,no,no,no,1,no,unfurnished
6562000.0,6608,4,1,4,no,yes,yes,yes,no,3,yes,furnished
4439000.0,3512,2,1,2,no,no,no,no,no,1,no,semi-furnished
4336000.0,6813,3,1,1,yes,no,no,yes,yes,0,no,semi-furnished
5144000.0,9951,3,1,1,yes,yes,no,yes,no,0,yes,semi-furnished
3283000.0,3403,3,2,1,yes,yes,no,yes,yes,0,no,semi-furnished
4578000.0,3095,4,2,3,no,no,no,yes,no,0,no,unfurnished
5494000.0,6190,4,1,1,yes,yes,yes,yes,no,1,yes,semi-furnished
3199000.0,3785,1,1,2,yes,yes,no,no,no,0,yes,unfurnished
5773000.0,4264,3,1,2,yes,no,yes,yes,yes,2,yes,furnished
4111000.0,3523,1,1,2,yes,no,yes,no,yes,0,no,semi-furnished
2823000.0,4046,2,1,3,yes,yes,no,no,no,0,no,semi-furnished
2977000.0,3457,5,1,1,no,yes,yes,yes,no,2,yes,semi-furnished
3021000.0,2295,3,1,2,yes,no,no,no,no,1,no,semi-furnished
3267000.0,3417,2,1,2,no,yes,yes,no,yes,1,no,unfurnished
2217000.0,2645,2,2,1,no,yes,no,yes,yes,1,yes,unfurnished
4186000.0,4057,2,2,2,no,no,no,yes,yes,1,no,unfurnished
4443000.0,6208,2,1,1,yes,no,no,no,yes,0,no,semi-furnished
6454000.0,6580,3,2,2,no,yes,yes,yes,no,2,no,unfurnished
4431000.0,5378,4,2,2,no,yes,yes,yes,no,1,yes,unfurnished
4897000.0,7791,5,1,1,yes,no,yes,yes,yes,1,yes,semi-furnished
4076000.0,3250,3,1,2,no,no,no,no,yes,1,yes,unfurnished
3093000.0,3624,2,1,1,no,no,yes,yes,no,1,yes,unfurnished
3021000.0,4108,4,2,2,yes,yes,yes,no,no,0,no,semi-furnished
4195000.0,4469,2,2,3,yes,yes,no,yes,yes,2,no,semi-furnished
2727000.0,5445,2,2,1,no,yes,no,no,yes,0,yes,furnished
3559000.0,2593,3,1,2,no,yes,yes,yes,no,0,yes,unfurnished
5629000.0,6732,5,1,1,no,yes,yes,no,no,1,no,unfurnished
2497000.0,3490,4,4,2,no,no,no,no,yes,0,no,unfurnished
4729000.0,5346,3,1,3,no,no,no,no,yes,1,no,semi-furnished
6503000.0,6338,2,1,1,yes,no,yes,no,no,0,no,furnished
2238000.0,3532,3,1,1,yes,yes,no,no,yes,0,no,semi-furnished
6683000.0,3765,4,1,3,yes,yes,no,yes,yes,0,yes,semi-furnished
3755000.0,3319,3,1,1,yes,no,no,no,no,2,no,unfurnished
4320000.0,4371,2,2,3,yes,no,yes,no,yes,0,yes,unfurnished
3450000.0,2114,3,1,2,no,yes,no,yes,yes,1,no,unfurnished
7344000.0,4034,2,2,1,yes,no,yes,yes,no,2,no,furnished
3794000.0,4238,2,2,3,yes,yes,no,yes,yes,1,no,semi-furnished
3672000.0,3717,4,1,1,no,no,no,no,no,0,yes,furnished
3384000.0,13455,4,1,1,yes,no,no,no,yes,0,yes,furnished
5472000.0,3526,2,1,1,no,no,yes,no,yes,2,yes,semi-furnished
3631000.0,3995,3,1,2,no,yes,no,no,yes,2,yes,furnished
3922000.0,1960,3,1,3,yes,no,no,no,no,1,no,unfurnished
4363000.0,4596,2,1,1,yes,no,yes,yes,yes,1,yes,unfurnished
3495000.0,7487,2,2,1,yes,no,no,yes,no,1,yes,furnished
5467000.0,11050,3,1,2,no,no,yes,yes,yes,0,yes,furnished
2107000.0,4329,2,2,1,yes,yes,no,yes,no,0,yes,semi-furnished
7229000.0,9465,1,2,1,yes,yes,yes,yes,yes,0,no,furnished
6471000.0,11334,5,1,1,no,no,no,yes,no,0,yes,semi-furnished
4991000.0,2620,3,1,1,no,no,yes,no,yes,0,yes,semi-furnished
3613000.0,5978,2,1,1,no,no,no,yes,no,0,yes,semi-furnished
4898000.0,5420,2,1,3,no,yes,no,yes,yes,0,no,unfurnished
4749000.0,3427,2,3,1,yes,no,no,yes,no,0,yes,semi-furnished
4473000.0,5730,5,2,3,no,yes,no,no,yes,1,yes,unfurnished
3699000.0,4874,2,1,1,yes,yes,no,yes,yes,0,no,furnished
2973000.0,3003,4,2,1,no,yes,yes,no,no,0,yes,furnished
3358000.0,2681,3,2,1,yes,no,no,no,no,1,yes,furnished
9702000.0,6365,4,2,3,no,yes,no,no,yes,0,yes,furnished
9860000.0,17184,4,3,1,yes,yes,no,no,yes,0,no,furnished
4237000.0,3790,4,2,1,yes,no,no,yes,no,3,yes,semi-furnished
6495000.0,5263,2,1,2,no,no,no,yes,yes,1,yes,semi-furnished
5314000.0,6633,4,3,5,yes,yes,yes,yes,no,0,yes,semi-furnished
4126000.0,10353,4,1,1,yes,yes,no,no,no,1,yes,furnished
4267000.0,5579,3,1,1,no,no,yes,yes,yes,0,yes,furnished
5598000.0,5829,2,3,1,yes,yes,no,no,yes,0,yes,semi-furnished
6443000.0,6348,4,2,5,no,no,no,no,no,1,yes,unfurnished
1705000.0,3086,3,2,1,no,yes,yes,yes,yes,2,yes,unfurnished
4023000.0,5267,3,1,2,yes,no,no,yes,no,0,no,furnished
3158000.0,4522,2,2,2,no,yes,yes,yes,no,1,no,furnished
5761000.0,5349,3,1,2,yes,no,no,yes,yes,1,yes,furnished
4627000.0,9942,1,2,1,yes,no,no,yes,no,2,yes,unfurnished
5719000.0,6848,4,2,3,no,yes,yes,no,no,2,no,unfurnished
4076000.0,3520,4,2,3,no,yes,yes,no,yes,2,yes,furnished
2680000.0,2978,1,2,1,yes,no,yes,no,no,0,no,furnished
2147000.0,3881,4,2,3,yes,no,yes,no,yes,0,no,furnished
6689000.0,5357,3,1,2,yes,no,yes,yes,no,0,yes,furnished
5762000.0,4826,3,1,1,yes,yes,yes,yes,no,1,no,unfurnished
5065000.0,4522,3,1,3,yes,yes,yes,no,no,3,yes,semi-furnished
4511000.0,6245,3,2,1,no,no,yes,yes,yes,0,yes,unfurnished
4171000.0,5391,5,1,2,yes,yes,no,no,no,1,yes,unfurnished
5049000.0,3804,2,1,1,yes,yes,yes,no,no,0,yes,semi-furnished
3779000.0,4293,3,1,2,yes,yes,no,yes,yes,2,yes,furnished
8096000.0,6120,2,1,4,yes,no,yes,yes,no,1,yes,furnished
2700000.0,3299,2,1,1,yes,yes,yes,no,no,0,yes,semi-furnished
2870000.0,12960,2,1,1,no,no,yes,yes,no,1,no,semi-furnished
4934000.0,2714,3,1,2,yes,no,yes,no,no,0,no,semi-furnished
4962000.0,6392,4,3,1,no,yes,yes,yes,yes,2,no,unfurnished
3603000.0,6016,2,1,2,yes,no,yes,yes,yes,0,no,semi-furnished
4624000.0,8502,5,2,3,no,yes,no,no,yes,4,no,semi-furnished
5467000.0,5365,5,3,1,yes,yes,yes,no,yes,1,yes,unfurnished
2069000.0,4636,2,1,2,no,no,no,no,no,1,yes,unfurnished
4977000.0,3226,3,1,2,yes,yes,no,yes,yes,2,yes,semi-furnished
4600000.0,6165,3,1,1,yes,yes,yes,no,no,1,yes,semi-furnished
4825000.0,4458,3,1,2,yes,yes,yes,yes,no,1,no,semi-furnished
4165000.0,5785,2,1,1,yes,yes,no,yes,no,4,yes,furnished
3191000.0,4345,1,2,1,no,yes,yes,no,no,0,yes,semi-furnished
6113000.0,6023,2,2,1,no,no,no,yes,no,0,no,unfurnished
2245000.0,3556,1,2,2,yes,no,yes,yes,no,1,yes,unfurnished
2748000.0,5988,2,1,2,yes,yes,yes,no,no,0,no,furnished
5664000.0,2738,2,1,1,no,no,no,no,yes,0,yes,semi-furnished
4686000.0,4064,4,1,3,yes,no,yes,no,no,0,yes,unfurnished
2417000.0,3680,4,4,3,yes,yes,no,yes,no,1,no,semi-furnished
3934000.0,2595,4,2,1,no,no,yes,no,no,1,no,furnished
4988000.0,2906,3,1,3,no,no,yes,no,yes,0,no,furnished
7232000.0,5902,2,1,1,yes,yes,yes,yes,no,2,yes,unfurnished
5647000.0,6673,3,3,2,no,no,no,yes,yes,0,yes,unfurnished
2841000.0,7378,3,2,1,no,yes,yes,no,no,1,yes,furnished
2466000.0,3150,2,1,1,no,yes,yes,yes,yes,1,no,unfurnished
4784000.0,4048,4,1,3,yes,yes,yes,no,yes,1,yes,unfurnished
4069000.0,5443,3,3,3,no,yes,no,yes,yes,3,yes,unfurnished
5117000.0,3930,3,1,1,no,yes,no,yes,no,0,yes,semi-furnished
5139000.0,3937,5,1,1,no,no,no,yes,no,0,no,furnished
6224000.0,6371,2,3,1,yes,no,no,yes,no,2,yes,furnished
5399000.0,7112,2,1,1,yes,no,yes,yes,yes,1,yes,semi-furnished
6187000.0,4358,3,2,2,no,yes,yes,yes,yes,0,no,semi-furnished
4748000.0,4603,3,1,2,yes,no,no,no,no,1,yes,semi-furnished
4688000.0,7345,2,2,1,no,no,no,no,yes,3,yes,furnished
8687000.0,7697,2,1,5,no,yes,yes,no,no,3,no,furnished
2705000.0,3383,1,3,2,yes,no,yes,no,no,0,no,unfurnished
4109000.0,5395,2,2,2,yes,no,yes,no,yes,1,yes,unfurnished
8105000.0,8317,4,1,2,no,yes,yes,no,no,1,no,unfurnished
7144000.0,8711,4,2,1,no,yes,no,no,yes,2,no,unfurnished
2617000.0,2493,2,1,1,yes,yes,yes,no,yes,1,yes,furnished
9289000.0,5907,4,1,2,yes,no,yes,yes,yes,1,yes,furnished
4745000.0,2214,4,1,3,no,yes,yes,no,yes,1,yes,furnished
4822000.0,7450,4,2,2,no,no,no,no,no,0,yes,unfurnished
3179000.0,4014,1,1,1,yes,no,yes,yes,yes,2,yes,unfurnished
2945000.0,3461,2,1,2,no,yes,no,no,yes,0,yes,furnished
3443000.0,4531,1,2,2,yes,yes,yes,yes,no,0,yes,semi-furnished
3937000.0,2931,4,1,3,no,yes,yes,no,no,0,yes,semi-furnished
3249000.0,3294,1,1,1,yes,yes,yes,yes,no,0,yes,semi-furnished
4062000.0,3862,1,1,2,yes,yes,no,no,no,0,no,semi-furnished
8769000.0,6641,3,1,5,no,no,yes,yes,no,2,yes,semi-furnished
4602000.0,5364,3,1,1,no,no,no,yes,yes,2,no,furnished
5195000.0,5665,3,3,1,no,yes,yes,no,no,0,yes,unfurnished
1973000.0,3308,6,1,1,yes,yes,yes,no,yes,0,yes,semi-furnished
5278000.0,5396,3,2,2,no,yes,yes,yes,no,0,yes,furnished
5403000.0,4178,5,1,2,yes,no,no,no,no,1,yes,unfurnished
6242000.0,4832,3,1,3,yes,yes,no,yes,yes,1,no,furnished
2765000.0,3125,2,1,1,yes,yes,yes,no,yes,0,no,unfurnished
4125000.0,3895,2,1,1,no,yes,yes,yes,yes,1,yes,unfurnished
3925000.0,6984,4,1,3,no,no,yes,no,no,2,no,furnished
4848000.0,3924,3,3,2,no,no,no,yes,yes,1,no,furnished
7423000.0,3971,3,2,1,yes,yes,yes,yes,yes,2,no,furnished
7332000.0,4049,2,2,2,yes,no,yes,yes,no,1,no,unfurnished
3016000.0,2250,3,1,1,yes,yes,yes,yes,no,0,yes,unfurnished
7680000.0,7255,2,3,2,yes,yes,no,yes,no,2,no,unfurnished
4573000.0,4061,3,1,1,yes,yes,no,no,no,0,no,unfurnished
6662000.0,6599,2,1,1,yes,no,no,yes,no,1,yes,furnished
3966000.0,5468,2,1,1,no,no,yes,yes,no,2,no,unfurnished
4125000.0,5432,3,1,2,no,yes,yes,no,no,0,no,unfurnished
5864000.0,5582,4,1,4,yes,no,yes,no,no,0,no,unfurnished
1919000.0,2983,2,1,2,no,yes,no,no,no,1,yes,furnished
2690000.0,3095,4,1,2,yes,no,no,yes,yes,1,no,furnished
5536000.0,6106,4,2,3,no,no,no,no,no,0,yes,unfurnished
4016000.0,3769,1,1,2,yes,no,no,no,no,2,no,furnished
5506000.0,3659,4,1,2,no,no,yes,yes,no,1,yes,furnished
1915000.0,3597,1,1,1,yes,no,no,yes,yes,0,yes,semi-furnished
6604000.0,10657,2,1,1,yes,no,no,yes,yes,2,no,unfurnished
6983000.0,5939,4,3,2,yes,yes,yes,no,no,2,yes,semi-furnished
3947000.0,4515,5,2,2,no,no,yes,no,yes,3,no,furnished
4402000.0,3469,2,2,1,yes,no,yes,no,yes,1,no,semi-furnished
5485000.0,6692,4,1,1,yes,no,no,yes,no,0,yes,semi-furnished
9946000.0,8505,4,2,2,no,no,yes,yes,no,2,no,furnished
2647000.0,4098,2,1,1,no,no,yes,no,no,2,yes,unfurnished
2962000.0,2682,2,2,2,yes,no,yes,yes,yes,0,yes,semi-furnished
8396000.0,4672,3,1,1,no,yes,no,yes,no,0,no,unfurnished
2954000.0,3223,3,2,2,yes,no,no,no,yes,0,no,furnished
6683000.0,6906,2,3,4,yes,no,yes,no,yes,2,yes,unfurnished
7325000.0,6162,3,2,2,no,no,no,no,no,1,yes,unfurnished
4168000.0,3034,2,2,3,yes,no,no,no,yes,0,no,unfurnished
4374000.0,4444,2,1,2,no,yes,no,yes,yes,0,no,furnished
3199000.0,5006,4,1,3,no,yes,no,no,yes,1,no,furnished
4003000.0,3602,3,1,2,yes,yes,no,yes,no,1,no,unfurnished
3378000.0,3299,3,3,1,yes,no,yes,yes,no,3,no,furnished
3690000.0,3762,2,1,3,no,yes,no,no,no,0,no,unfurnished
3444000.0,3265,3,1,1,yes,yes,no,no,no,0,yes,semi-furnished
7049000.0,4550,5,3,1,yes,yes,no,no,yes,1,yes,furnished
9309000.0,7983,3,2,5,no,yes,no,yes,no,3,no,semi-furnished
3703000.0,3819,4,3,2,no,no,no,no,no,1,no,unfurnished
2969000.0,5396,2,1,1,yes,yes,no,no,yes,1,yes,semi-furnished
3673000.0,3955,2,1,1,yes,no,yes,yes,yes,1,no,furnished
4470000.0,4337,3,1,2,yes,no,no,yes,yes,2,yes,semi-furnished
6711000.0,6060,3,1,1,no,no,no,no,yes,0,no,furnished
3560000.0,3782,2,1,2,no,no,no,no,no,0,yes,unfurnished
5177000.0,7984,3,2,2,yes,no,no,no,yes,2,no,unfurnished
6660000.0,6714,3,1,2,yes,yes,no,yes,no,2,no,unfurnished
4117000.0,5342,3,1,2,no,no,no,no,no,0,yes,furnished
4936000.0,5364,2,2,3,yes,no,no,no,yes,0,yes,furnished
13159000.0,9611,3,4,5,yes,yes,no,yes,yes,2,no,unfurnished
4503000.0,3879,4,1,3,no,no,yes,yes,no,0,yes,semi-furnished
7880000.0,4709,3,3,1,no,no,no,yes,no,2,no,furnished
6754000.0,4856,3,3,3,no,no,no,yes,no,0,yes,furnished
2949000.0,3681,1,2,2,yes,no,yes,no,no,1,yes,unfurnished
5231000.0,5699,5,1,1,no,yes,yes,yes,no,0,yes,semi-furnished
7517000.0,4670,4,2,3,yes,yes,yes,yes,yes,1,no,semi-furnished
2323000.0,3508,2,1,2,no,no,no,yes,yes,0,no,furnished
4795000.0,6943,2,1,1,yes,no,yes,yes,yes,0,no,furnished
3224000.0,2171,3,2,2,no,no,yes,yes,yes,1,yes,unfurnished
3662000.0,3398,3,1,3,no,no,yes,no,yes,0,no,semi-furnished
3971000.0,5037,1,1,2,yes,yes,yes,yes,no,2,yes,unfurnished
4050000.0,3182,4,1,1,no,yes,yes,no,no,1,yes,unfurnished
3466000.0,3723,3,2,2,yes,yes,yes,no,yes,1,no,semi-furnished
4667000.0,4031,4,1,2,no,no,yes,yes,no,0,no,semi-furnished
7211000.0,4353,4,3,4,yes,yes,yes,no,no,1,yes,furnished
5621000.0,4999,2,2,2,yes,no,no,no,yes,1,no,furnished
8861000.0,5558,5,3,5,yes,yes,yes,yes,yes,2,yes,semi-furnished
11027000.0,7416,2,2,1,no,yes,yes,yes,yes,1,no,furnished
4158000.0,5329,2,1,1,no,yes,yes,no,no,1,no,unfurnished
4672000.0,4111,2,1,3,yes,yes,no,yes,yes,0,no,unfurnished
4367000.0,9682,3,1,1,no,no,no,no,yes,1,yes,furnished
3166000.0,4906,2,1,1,yes,no,no,yes,no,1,no,furnished
3702000.0,3866,2,1,3,yes,yes,no,no,yes,1,yes,unfurnished
5606000.0,7000,4,3,2,no,no,no,yes,yes,0,yes,unfurnished
3291000.0,2538,1,1,1,no,yes,yes,yes,yes,0,no,unfurnished
3152000.0,2191,2,1,1,no,yes,no,no,no,0,yes,semi-furnished
5000000.0,6903,4,2,1,yes,yes,yes,yes,yes,0,yes,furnished
4038000.0,3752,1,2,2,no,no,yes,yes,yes,1,yes,unfurnished
4594000.0,6599,4,3,2,no,yes,yes,yes,yes,0,no,furnished
5310000.0,3239,4,1,1,yes,yes,yes,yes,no,0,no,semi-furnished
4695000.0,7244,4,2,2,no,no,yes,yes,yes,2,yes,furnished
4598000.0,3375,2,2,1,no,no,no,no,no,0,no,furnished
10634000.0,7841,4,1,4,no,yes,yes,yes,yes,1,no,furnished
2053000.0,2841,3,1,2,no,yes,yes,no,yes,0,yes,unfurnished
5776000.0,10376,3,1,2,yes,no,no,yes,yes,3,no,furnished
7945000.0,6978,4,3,4,yes,yes,yes,no,yes,0,no,unfurnished
4571000.0,7805,4,1,1,yes,no,yes,no,no,4,no,semi-furnished
3203000.0,6095,3,2,2,no,yes,yes,no,yes,1,yes,furnished
2658000.0,3860,3,1,1,yes,no,yes,yes,no,1,yes,semi-furnished
4100000.0,6293,4,1,2,yes,yes,no,no,no,3,yes,furnished
3056000.0,4121,3,1,2,no,no,no,no,no,0,no,unfurnished
4318000.0,10418,1,1,1,no,no,no,no,no,1,yes,semi-furnished
4012000.0,3153,4,3,1,no,yes,no,no,yes,1,no,unfurnished
5102000.0,8002,3,1,1,no,no,yes,no,yes,0,yes,unfurnished
4144000.0,3462,3,1,1,no,yes,yes,yes,yes,0,no,unfurnished
3701000.0,9046,3,2,1,no,yes,yes,yes,no,4,yes,furnished
4629000.0,4276,2,1,1,yes,yes,no,yes,no,0,yes,semi-furnished
4920000.0,6177,4,2,1,no,no,yes,no,no,1,yes,unfurnished
2091000.0,3763,3,2,1,no,no,no,yes,yes,1,yes,furnished
4221000.0,6910,2,3,1,yes,yes,no,no,no,4,no,unfurnished
6636000.0,6123,3,1,5,yes,yes,yes,yes,yes,0,no,semi-furnished
4795000.0,3268,4,1,3,yes,no,yes,yes,no,0,yes,unfurnished
4975000.0,6645,4,2,3,yes,no,yes,yes,no,1,no,semi-furnished
3118000.0,4119,3,1,1,yes,yes,no,yes,no,3,no,unfurnished
3554000.0,4270,1,2,1,no,no,yes,no,yes,0,yes,furnished
3766000.0,4157,2,1,1,yes,yes,yes,no,no,0,yes,unfurnished
2699000.0,2748,1,2,1,no,yes,yes,no,yes,1,yes,unfurnished
7986000.0,6047,3,1,1,yes,yes,no,no,no,1,yes,unfurnished
2644000.0,1668,3,1,1,yes,no,no,yes,no,1,no,semi-furnished
6136000.0,7071,3,3,2,no,yes,yes,yes,yes,0,no,semi-furnished
8482000.0,7756,2,2,3,no,no,yes,no,yes,2,yes,furnished
4720000.0,5132,1,2,1,no,yes,no,yes,no,0,no,unfurnished
10159000.0,7831,2,2,1,no,yes,no,yes,yes,3,no,semi-furnished
5787000.0,7628,4,1,1,yes,no,yes,yes,yes,2,yes,unfurnished
2490000.0,2921,3,1,2,yes,no,no,no,yes,0,no,semi-furnished
8888000.0,8263,5,2,3,yes,no,yes,yes,yes,1,no,furnished
3854000.0,2285,5,1,2,no,no,yes,yes,yes,0,yes,semi-furnished
4146000.0,4250,3,1,2,yes,yes,yes,yes,no,0,no,furnished
3148000.0,4030,1,2,2,no,yes,yes,yes,yes,0,no,furnished
5650000.0,5782,3,1,3,yes,yes,yes,yes,yes,0,yes,unfurnished
3736000.0,6750,4,1,1,no,yes,no,no,no,0,no,unfurnished
3098000.0,2972,2,2,3,yes,yes,yes,yes,yes,2,no,semi-furnished
5824000.0,6321,5,2,3,no,yes,no,no,no,0,no,furnished
3212000.0,7780,2,3,2,yes,yes,no,yes,yes,3,yes,unfurnished
6260000.0,7255,2,1,2,no,no,yes,no,no,1,yes,furnished
2711000.0,4535,4,1,3,no,yes,yes,no,yes,0,yes,semi-furnished
4302000.0,3583,3,1,3,yes,yes,no,yes,yes,1,yes,semi-furnished
2177000.0,3253,1,1,1,no,no,yes,no,no,1,yes,semi-furnished
3588000.0,3478,3,2,1,yes,yes,no,no,no,2,no,semi-furnished
5358000.0,4921,2,2,3,yes,yes,yes,yes,yes,1,no,furnished
8386000.0,6219,4,2,1,yes,yes,yes,yes,yes,0,no,furnished
6563000.0,6850,3,1,3,no,no,yes,yes,yes,0,yes,furnished
3588000.0,2646,2,1,1,yes,yes,yes,no,yes,0,yes,unfurnished
2809000.0,4166,1,1,3,yes,no,no,yes,no,1,no,semi-furnished
3260000.0,3605,3,1,3,no,yes,yes,no,yes,2,yes,unfurnished
4497000.0,7858,3,3,2,no,no,no,yes,yes,4,yes,semi-furnished
3643000.0,3845,2,1,2,yes,yes,no,yes,yes,1,no,unfurnished
4616000.0,7897,5,2,3,yes,yes,yes,yes,no,2,no,unfurnished
3927000.0,5600,2,2,2,no,no,no,no,yes,1,no,semi-furnished
6446000.0,5421,4,2,3,yes,no,no,no,yes,3,yes,semi-furnished
4680000.0,4597,3,3,2,no,no,no,no,no,3,no,furnished
3597000.0,3516,4,1,3,yes,no,yes,yes,yes,2,yes,unfurnished
2645000.0,3886,3,1,1,no,no,no,yes,yes,0,yes,furnished
11217000.0,7879,5,2,4,yes,yes,no,yes,no,1,no,unfurnished
4779000.0,5075,3,1,3,yes,no,yes,no,yes,2,no,semi-furnished
3753000.0,3834,3,2,1,yes,yes,no,yes,yes,1,yes,unfurnished
4059000.0,5133,3,2,2,yes,yes,no,no,no,1,yes,unfurnished
4426000.0,3921,1,2,1,yes,yes,no,no,yes,0,no,furnished
2714000.0,3827,2,1,1,no,no,yes,no,yes,0,yes,unfurnished
3387000.0,3872,3,2,2,no,no,yes,yes,no,0,yes,unfurnished
4012000.0,6356,3,2,3,yes,no,yes,yes,no,0,no,unfurnished
6202000.0,6265,2,1,2,yes,no,yes,no,no,1,yes,furnished
6113000.0,8732,3,3,4,no,no,yes,yes,no,0,yes,unfurnished
5043000.0,2929,4,2,2,yes,no,no,yes,no,0,no,semi-furnished
5692000.0,3903,4,2,2,no,yes,no,yes,yes,0,no,unfurnished
3573000.0,5135,3,1,2,yes,no,no,no,no,0,yes,semi-furnished
2741000.0,4331,1,1,1,no,yes,yes,no,no,1,no,unfurnished
2654000.0,3214,1,2,2,no,no,yes,no,yes,1,no,semi-furnished
6088000.0,3816,2,1,4,yes,no,no,no,yes,2,no,unfurnished
4322000.0,9944,2,2,1,yes,yes,yes,yes,yes,0,yes,unfurnished
5974000.0,4981,5,2,1,no,yes,yes,no,yes,0,no,unfurnished
6639000.0,7055,4,1,3,yes,yes,yes,yes,no,1,yes,unfurnished
5027000.0,5254,5,1,2,yes,yes,no,yes,yes,1,yes,semi-furnished
8371000.0,4121,2,1,1,no,no,yes,no,yes,2,yes,furnished
4254000.0,4030,2,2,1,yes,yes,no,yes,no,1,no,unfurnished
2120000.0,3164,3,1,3,no,no,yes,yes,no,0,no,furnished
3418000.0,2488,3,1,1,no,no,yes,yes,yes,0,yes,semi-furnished
7299000.0,11038,3,1,2,no,yes,no,no,no,1,yes,furnished
5277000.0,16707,2,2,2,yes,no,no,no,no,1,no,semi-furnished
1587000.0,3067,2,1,1,yes,no,yes,yes,no,2,no,unfurnished
5042000.0,3384,2,1,2,no,yes,yes,no,no,1,no,semi-furnished
4623000.0,3329,4,3,3,yes,yes,no,yes,no,2,yes,furnished
4269000.0,7028,3,1,2,no,no,no,no,no,2,no,unfurnished
2328000.0,2129,2,1,2,no,no,no,yes,no,0,yes,semi-furnished
1962000.0,5820,3,1,2,no,yes,no,yes,yes,1,yes,unfurnished
5324000.0,9765,3,2,1,yes,no,yes,yes,yes,3,no,semi-furnished
4521000.0,5982,3,3,1,no,no,yes,yes,yes,1,yes,unfurnished
1877000.0,3857,3,1,1,no,no,yes,no,yes,0,yes,unfurnished
4559000.0,13204,2,2,2,no,no,yes,no,yes,2,yes,semi-furnished
4234000.0,6108,2,2,2,yes,no,yes,yes,no,1,yes,unfurnished
5006000.0,7855,4,1,4,yes,yes,no,yes,yes,3,yes,unfurnished
6470000.0,7190,3,1,1,no,no,no,yes,yes,3,yes,semi-furnished
6623000.0,6000,4,1,3,yes,yes,no,yes,no,0,yes,unfurnished
4054000.0,3656,3,1,2,no,no,no,no,no,1,no,furnished
3307000.0,4212,3,2,2,yes,no,yes,yes,no,0,yes,semi-furnished
7540000.0,7037,2,3,3,yes,no,yes,no,yes,1,yes,semi-furnished
5893000.0,6236,2,2,4,no,no,yes,yes,yes,0,yes,semi-furnished
7737000.0,5379,4,2,4,no,yes,no,yes,yes,0,yes,semi-furnished
4269000.0,7741,3,1,4,no,no,no,yes,yes,2,yes,unfurnished
4656000.0,5297,2,1,2,no,no,no,yes,yes,1,yes,unfurnished
3389000.0,3808,3,1,1,no,no,yes,yes,yes,2,yes,furnished
4876000.0,3002,3,2,1,yes,yes,yes,no,yes,1,yes,furnished
6433000.0,4020,2,1,3,no,no,yes,yes,no,1,yes,unfurnished
2979000.0,3648,3,1,1,yes,yes,no,no,no,0,yes,semi-furnished
2325000.0,2004,1,1,2,yes,no,no,no,yes,0,yes,unfurnished
6584000.0,6207,2,2,2,yes,no,yes,no,yes,1,no,furnished
3596000.0,10094,3,1,2,yes,yes,yes,yes,no,2,yes,furnished
8418000.0,4746,4,3,1,yes,no,no,yes,yes,1,no,furnished
4003000.0,3461,1,1,1,no,yes,yes,no,no,1,no,semi-furnished
3761000.0,5900,4,1,1,no,no,no,yes,no,1,yes,semi-furnished
5286000.0,8819,5,4,1,no,yes,yes,no,no,2,yes,furnished
3747000.0,3206,3,2,2,no,yes,yes,no,yes,0,yes,unfurnished
5756000.0,7081,3,1,1,no,yes,no,yes,yes,0,yes,furnished
4766000.0,3664,2,1,2,no,yes,no,no,yes,1,yes,semi-furnished
2502000.0,2967,3,1,2,no,no,yes,no,yes,0,yes,semi-furnished
5244000.0,5187,4,1,1,no,no,yes,no,yes,1,yes,unfurnished
4651000.0,5723,3,1,2,no,yes,yes,no,yes,2,yes,furnished
5012000.0,7047,3,1,1,yes,yes,yes,yes,yes,0,no,semi-furnished
4106000.0,4454,5,2,1,no,yes,yes,no,no,0,no,unfurnished
6965000.0,8721,2,2,2,no,yes,yes,no,no,2,yes,furnished
5928000.0,6900,4,1,2,yes,no,no,yes,no,0,yes,furnished
1810000.0,2726,3,1,1,no,yes,no,no,yes,1,no,furnished
6365000.0,8631,2,1,1,yes,yes,no,no,no,3,no,furnished
6726000.0,5488,5,2,4,yes,yes,no,yes,yes,1,no,unfurnished
4648000.0,2924,4,1,3,no,no,yes,no,yes,1,yes,unfurnished
2680000.0,3524,1,2,1,yes,yes,yes,yes,no,0,no,unfurnished
2764000.0,5971,4,1,1,no,yes,yes,no,yes,1,no,semi-furnished
5243000.0,5765,4,1,2,no,yes,yes,no,no,0,no,semi-furnished
4127000.0,3863,2,1,2,no,yes,no,no,yes,2,yes,unfurnished
2031000.0,1768,2,1,3,yes,no,yes,no,yes,1,yes,unfurnished
5043000.0,5913,2,1,2,yes,no,no,no,yes,0,yes,unfurnished
5802000.0,6848,3,1,4,no,yes,no,yes,yes,0,no,furnished
3691000.0,2718,2,1,3,no,no,yes,yes,yes,1,yes,unfurnished
3047000.0,6046,4,1,1,no,yes,yes,yes,no,2,yes,unfurnished
3867000.0,3750,3,2,2,no,no,yes,no,no,0,no,unfurnished
4643000.0,6805,3,1,1,yes,no,yes,no,yes,0,yes,furnished
3750000.0,3669,3,1,2,yes,no,yes,no,yes,3,yes,furnished
3918000.0,6630,2,1,2,no,no,no,no,yes,2,no,semi-furnished
